like_id,user_id,cafe_id,Kpopers,JapanLovers,AnimalLovers,Quite,MusicLovers,BookLovers,ArtLovers,ViewsLovers,CoffeeLovers,NonCoffeeLovers,groupsComer,outdoor,Indoor,RetroVintage,MinimalisCafe,IndustrialCafe,ModernCafe,ArtCafe,PetCafe,BooksCafe,24HoursCafe,MeetingCafe,StudyCafe,goodViews,FamilyCafe,CountryFood,Smoking,NonSmoking,Coffee,NonCoffee,GardenCafe,vote
1,478,31,0,0,0,1,0,0,0,0,0,0,1,1,1,0,0,0,1,0,0,0,0,1,1,0,1,1,1,1,1,1,1,0
2,775,54,1,0,0,1,1,0,0,1,0,1,1,0,1,1,0,0,1,0,0,1,0,1,1,0,0,0,0,1,1,1,1,0
3,231,96,1,1,0,0,0,1,1,1,1,1,1,1,1,0,1,0,1,0,0,0,0,1,1,1,0,0,0,1,1,1,0,1
4,447,33,1,1,1,0,0,0,1,0,0,1,1,1,0,0,1,1,0,1,0,0,0,1,1,1,1,0,1,0,1,1,0,1
5,435,15,0,1,1,1,0,1,1,1,0,1,1,1,1,1,1,0,0,0,0,0,0,0,1,0,0,0,1,1,1,1,0,0
6,84,7,1,1,1,0,0,1,0,1,1,1,1,1,1,0,0,0,0,0,0,0,0,0,0,1,1,0,0,1,1,1,1,1
7,250,88,0,0,1,0,1,1,1,0,0,1,0,1,1,0,0,1,0,0,0,0,0,0,0,0,0,0,0,0,1,1,0,0
8,912,75,0,1,1,0,0,0,0,1,0,1,0,0,1,0,0,1,0,0,1,1,0,0,0,0,1,0,0,1,1,1,0,0
9,151,78,1,1,1,1,1,1,1,1,0,1,1,0,1,0,0,0,0,0,0,0,0,1,0,0,1,1,0,1,1,1,0,1
10,493,18,0,0,0,1,1,1,1,1,1,0,0,0,1,0,0,0,1,0,0,0,0,1,1,0,1,0,0,1,1,1,0,0
11,776,84,1,0,1,0,0,0,1,0,0,0,0,1,0,0,0,0,0,0,0,0,1,1,0,1,1,0,0,1,1,1,0,1
12,666,9,0,0,1,1,0,0,0,0,1,0,1,1,1,0,0,0,0,1,0,0,0,0,0,0,0,1,1,0,1,1,0,0
13,91,97,0,1,1,0,1,0,0,0,1,0,0,0,1,0,0,0,1,0,0,0,0,1,0,0,1,0,0,1,0,1,0,0
14,926,72,0,1,1,1,0,1,0,1,1,1,1,1,1,0,0,0,0,0,0,0,0,1,1,0,0,0,1,1,1,1,1,0
15,283,4,0,0,0,1,1,1,1,0,1,1,1,1,1,0,0,1,0,0,0,0,0,1,1,0,0,0,1,1,1,1,0,1
16,566,17,1,0,1,1,0,1,0,0,1,0,1,1,1,1,0,0,0,0,0,0,0,1,1,0,1,0,1,1,1,1,0,1
17,868,33,0,1,0,1,0,0,1,0,0,0,1,1,0,0,1,1,0,1,0,0,0,1,1,1,1,0,1,0,1,1,0,1
18,929,40,0,1,0,1,0,0,0,1,0,0,1,0,1,0,1,0,1,0,0,0,0,1,1,0,0,0,0,1,1,0,1,0
19,824,39,1,1,0,0,1,0,1,1,1,1,1,1,1,0,0,0,1,0,0,0,0,1,1,0,0,0,1,1,1,1,1,1
20,767,79,1,1,1,0,0,0,1,0,0,1,0,1,1,0,1,1,0,0,0,0,0,1,0,0,0,0,1,1,1,1,0,0
21,295,6,0,1,1,1,1,1,0,1,1,0,0,0,1,0,0,0,1,1,0,0,0,1,0,0,1,1,0,1,1,1,0,0
22,470,46,1,0,1,0,1,1,1,0,1,0,1,0,1,0,1,0,1,0,0,0,0,1,1,0,0,0,1,1,0,1,0,1
23,523,78,0,0,1,0,1,0,1,0,0,0,0,0,1,0,0,0,0,0,0,0,0,1,0,0,1,1,0,1,1,1,0,1
24,884,26,0,1,1,0,0,1,1,0,1,1,0,1,1,1,0,0,0,0,0,0,0,1,1,0,1,0,1,1,1,1,1,1
25,60,2,0,0,0,1,1,0,1,0,0,1,1,1,1,0,1,0,1,0,0,0,0,1,1,0,0,0,1,1,1,1,0,1
26,353,9,1,0,1,0,1,1,1,0,1,1,0,1,1,0,0,0,0,1,0,0,0,0,0,0,0,1,1,0,1,1,0,0
27,383,50,1,1,0,1,0,1,0,1,0,0,0,0,1,0,1,0,1,0,0,0,0,1,1,0,0,0,0,1,1,1,0,0
28,843,34,0,0,1,1,1,1,1,0,0,0,0,0,1,1,1,0,0,1,0,0,0,1,1,0,1,0,1,1,1,1,0,1
29,255,14,1,0,0,1,0,0,1,0,1,0,1,1,0,0,0,0,1,0,0,0,0,0,0,1,1,0,1,0,1,1,1,0
30,75,6,1,1,1,1,1,0,1,0,0,1,0,0,1,0,0,0,1,1,0,0,0,1,0,0,1,1,0,1,1,1,0,1
31,46,18,1,0,1,1,1,0,1,0,0,0,0,0,1,0,0,0,1,0,0,0,0,1,1,0,1,0,0,1,1,1,0,0
32,226,36,1,1,0,1,0,0,1,0,0,0,1,1,1,0,1,0,0,0,0,0,0,0,1,0,0,0,1,1,1,1,1,0
33,598,4,1,1,0,1,1,1,1,0,0,1,0,1,1,0,0,1,0,0,0,0,0,1,1,0,0,0,1,1,1,1,0,0
34,429,75,1,0,1,0,0,1,0,0,0,1,0,0,1,0,0,1,0,0,1,1,0,0,0,0,1,0,0,1,1,1,0,0
35,58,95,0,0,1,0,1,0,0,1,0,1,0,1,1,0,0,0,0,0,0,0,0,1,0,0,0,0,1,1,1,1,0,1
36,837,1,1,0,1,0,1,0,1,0,0,1,0,1,1,1,0,0,0,1,0,0,0,1,1,0,0,0,1,1,1,1,0,1
37,409,34,1,0,0,1,1,0,0,0,1,1,0,0,1,1,1,0,0,1,0,0,0,1,1,0,1,0,1,1,1,1,0,1
38,999,98,1,1,0,0,0,0,1,1,0,0,0,1,0,0,0,0,0,0,0,0,0,0,0,1,1,0,1,1,1,1,1,1
39,325,101,0,0,0,0,1,1,0,0,1,1,0,1,1,1,0,1,0,0,0,0,0,0,0,0,0,0,1,1,1,1,0,0
40,299,71,0,1,0,0,0,1,1,0,0,1,0,0,1,0,1,1,0,0,0,0,0,1,0,0,0,0,0,1,1,1,0,0
41,663,90,1,0,1,1,0,0,0,0,0,0,0,0,1,0,1,0,1,0,0,0,0,0,0,0,0,0,0,1,1,1,0,1
42,286,75,0,0,1,0,0,1,0,1,1,0,0,0,1,0,0,1,0,0,1,1,0,0,0,0,1,0,0,1,1,1,0,1
43,113,71,1,0,1,1,1,1,1,0,1,0,0,0,1,0,1,1,0,0,0,0,0,1,0,0,0,0,0,1,1,1,0,1
44,314,64,0,0,0,0,1,0,1,1,0,0,0,0,1,0,1,0,1,0,0,0,0,0,0,0,0,0,0,1,1,1,0,0
45,489,98,0,1,1,1,0,0,1,0,0,1,0,1,0,0,0,0,0,0,0,0,0,0,0,1,1,0,1,1,1,1,1,0
46,997,77,1,1,1,0,1,1,1,0,0,0,0,0,1,1,0,0,0,0,0,0,1,1,0,0,0,1,1,0,0,1,0,1
47,618,32,0,0,0,1,0,1,1,0,1,1,0,0,1,0,0,0,1,1,0,0,0,0,0,0,0,1,1,0,0,1,0,1
48,578,65,1,0,0,0,0,0,1,1,1,1,0,1,1,0,1,0,0,0,0,0,0,0,0,0,1,0,1,1,1,1,1,1
49,639,25,1,1,1,0,0,1,1,0,0,1,1,1,1,0,1,1,0,0,0,0,0,1,1,0,1,1,1,1,1,1,1,0
50,887,22,1,1,0,1,1,1,1,1,1,0,0,1,1,0,1,0,1,0,0,0,0,1,1,0,1,0,1,1,1,1,0,0
51,646,17,0,0,1,0,0,0,0,1,0,0,0,1,1,1,0,0,0,0,0,0,0,1,1,0,1,0,1,1,1,1,0,1
52,760,33,1,1,0,0,0,1,0,1,1,0,0,1,0,0,1,1,0,1,0,0,0,1,1,1,1,0,1,0,1,1,0,0
53,48,74,1,0,1,1,0,1,0,1,1,0,0,0,1,0,1,0,0,1,0,0,0,1,1,0,0,0,0,1,1,1,0,0
54,449,18,1,1,0,0,0,0,1,1,0,1,1,0,1,0,0,0,1,0,0,0,0,1,1,0,1,0,0,1,1,1,0,0
55,313,76,1,0,0,1,0,0,0,1,0,1,0,0,1,1,0,0,0,1,0,0,0,0,0,1,0,0,1,1,1,1,0,1
56,775,71,1,0,0,1,1,0,0,1,0,1,1,0,1,0,1,1,0,0,0,0,0,1,0,0,0,0,0,1,1,1,0,1
57,284,96,1,0,0,1,0,1,0,1,1,1,0,1,1,0,1,0,1,0,0,0,0,1,1,1,0,0,0,1,1,1,0,1
58,497,89,0,1,1,1,0,0,1,0,0,1,0,0,1,0,0,0,0,0,0,0,1,0,0,0,0,0,1,0,1,1,0,0
59,387,52,1,0,0,1,1,0,1,0,1,0,1,1,0,0,1,0,0,0,0,0,0,1,0,0,1,0,1,0,1,1,0,0
60,85,52,1,1,1,1,0,1,1,1,1,1,0,1,0,0,1,0,0,0,0,0,0,1,0,0,1,0,1,0,1,1,0,0
61,191,20,1,1,0,0,0,1,0,1,0,1,0,1,1,0,1,0,1,1,0,1,0,1,1,0,1,0,1,1,1,1,0,1
62,372,12,0,1,1,0,1,1,1,0,0,0,1,1,1,0,0,0,1,0,0,0,0,1,1,1,1,0,1,1,1,1,1,1
63,808,64,0,0,0,1,0,0,1,0,1,0,0,0,1,0,1,0,1,0,0,0,0,0,0,0,0,0,0,1,1,1,0,0
64,465,27,0,0,1,1,0,1,1,0,1,0,0,1,1,0,1,0,1,0,1,0,0,1,1,1,1,0,1,1,1,1,1,1
65,379,28,0,0,1,0,0,0,1,0,0,1,1,1,1,1,0,1,0,0,0,0,0,1,1,0,0,0,1,1,1,1,0,0
66,17,99,0,0,0,0,1,1,0,0,0,1,0,1,0,1,0,0,0,0,0,0,0,0,0,1,0,0,0,1,1,1,1,1
67,79,27,0,0,0,1,1,1,0,0,0,0,1,1,1,0,1,0,1,0,1,0,0,1,1,1,1,0,1,1,1,1,1,1
68,373,71,0,1,1,1,0,1,1,0,0,0,1,0,1,0,1,1,0,0,0,0,0,1,0,0,0,0,0,1,1,1,0,1
69,937,74,0,1,1,0,1,1,0,0,0,1,1,0,1,0,1,0,0,1,0,0,0,1,1,0,0,0,0,1,1,1,0,0
70,919,14,0,1,1,1,0,1,0,0,1,1,1,1,0,0,0,0,1,0,0,0,0,0,0,1,1,0,1,0,1,1,1,0
71,41,7,1,1,0,0,0,0,0,1,0,1,1,1,1,0,0,0,0,0,0,0,0,0,0,1,1,0,0,1,1,1,1,0
72,43,81,1,1,1,1,1,1,0,0,1,0,0,1,1,1,0,0,0,0,0,0,0,1,0,0,1,1,1,1,1,1,0,1
73,718,63,1,1,1,1,1,1,0,1,1,1,0,1,1,0,1,0,1,0,0,0,0,1,1,0,0,0,1,1,1,1,1,0
74,239,67,1,0,0,1,0,0,1,1,1,0,0,1,1,1,0,0,1,0,0,0,0,0,0,0,1,0,1,1,1,1,0,0
75,655,92,0,0,1,1,0,0,0,0,0,1,0,1,0,0,0,1,0,0,0,0,0,0,0,0,0,0,1,1,1,1,0,0
76,786,27,0,1,1,0,1,1,0,0,1,0,0,1,1,0,1,0,1,0,1,0,0,1,1,1,1,0,1,1,1,1,1,0
77,670,13,0,0,1,0,1,0,1,0,0,1,0,1,1,0,1,1,0,0,0,0,0,1,1,0,0,0,1,1,1,1,0,0
78,781,46,1,0,1,0,0,1,0,0,1,0,0,0,1,0,1,0,1,0,0,0,0,1,1,0,0,0,1,1,0,1,0,0
79,65,29,1,0,0,1,0,0,1,0,1,0,1,0,1,0,1,0,1,0,0,0,0,1,1,0,0,0,1,1,1,1,0,1
80,565,86,1,1,1,1,1,1,0,1,0,1,0,0,1,0,1,0,1,0,0,0,0,1,1,0,0,0,1,1,1,0,0,1
81,129,102,1,0,1,1,1,1,0,1,0,1,0,0,1,1,1,0,0,0,0,0,0,1,1,0,0,0,0,1,1,1,0,0
82,962,12,1,1,1,0,0,0,0,0,0,0,0,1,1,0,0,0,1,0,0,0,0,1,1,1,1,0,1,1,1,1,1,1
83,63,92,0,1,1,0,1,1,1,1,0,1,0,1,0,0,0,1,0,0,0,0,0,0,0,0,0,0,1,1,1,1,0,0
84,611,56,1,0,1,1,1,1,0,1,0,0,1,0,1,0,0,1,0,0,0,0,0,0,0,0,0,0,0,1,1,1,0,1
85,615,66,0,0,0,1,1,1,1,1,0,1,0,0,1,0,1,0,1,0,0,0,0,0,0,0,0,0,0,1,1,1,0,0
86,715,45,0,0,0,1,0,1,1,0,1,0,1,0,1,0,0,0,0,0,1,0,0,0,0,0,1,0,0,1,1,1,0,1
87,486,11,1,0,0,1,0,1,0,0,1,0,1,1,1,1,0,0,0,0,0,1,0,1,1,0,0,0,1,1,1,1,0,0
88,405,2,1,1,1,1,0,1,1,0,0,0,0,1,1,0,1,0,1,0,0,0,0,1,1,0,0,0,1,1,1,1,0,1
89,609,16,1,0,0,0,0,0,0,1,1,0,0,1,1,0,1,0,1,0,0,0,0,1,1,0,0,0,1,1,1,1,1,1
90,482,32,1,1,0,0,1,1,1,1,0,1,1,0,1,0,0,0,1,1,0,0,0,0,0,0,0,1,1,0,0,1,0,1
91,237,56,1,0,1,1,0,1,1,0,0,0,1,0,1,0,0,1,0,0,0,0,0,0,0,0,0,0,0,1,1,1,0,1
92,533,79,0,0,0,0,1,1,0,0,0,1,1,1,1,0,1,1,0,0,0,0,0,1,0,0,0,0,1,1,1,1,0,0
93,435,3,0,1,1,1,0,1,1,1,0,1,1,1,1,0,1,0,0,0,0,0,1,1,1,0,1,0,1,0,1,1,1,0
94,39,10,1,1,1,0,0,1,1,0,0,1,1,0,1,0,1,0,0,0,0,0,0,0,1,0,0,0,0,1,1,1,0,0
95,364,95,1,1,1,0,1,0,1,0,1,1,0,1,1,0,0,0,0,0,0,0,0,1,0,0,0,0,1,1,1,1,0,1
96,290,5,0,1,1,0,1,0,0,0,1,0,1,1,1,0,1,0,0,1,0,0,0,1,1,0,0,0,1,1,1,0,0,1
97,809,31,0,0,0,1,1,0,1,1,0,1,1,1,1,0,0,0,1,0,0,0,0,1,1,0,1,1,1,1,1,1,1,1
98,339,22,1,1,1,0,0,0,0,1,0,1,1,1,1,0,1,0,1,0,0,0,0,1,1,0,1,0,1,1,1,1,0,1
99,307,56,0,0,1,0,0,1,1,1,1,1,1,0,1,0,0,1,0,0,0,0,0,0,0,0,0,0,0,1,1,1,0,0
100,628,51,0,1,0,0,1,0,1,0,1,0,1,1,1,0,0,1,0,0,0,0,0,0,0,0,1,0,1,1,1,1,0,0
101,920,99,1,1,1,0,0,0,1,0,1,1,1,1,0,1,0,0,0,0,0,0,0,0,0,1,0,0,0,1,1,1,1,0
102,740,94,0,0,1,1,1,1,0,0,1,1,1,1,1,0,0,0,1,0,0,0,0,1,0,1,0,0,1,1,1,1,0,1
103,148,37,0,0,0,1,0,1,0,0,0,1,1,1,1,0,1,0,1,0,0,0,0,1,1,0,1,0,1,1,1,1,1,0
104,811,28,1,0,1,0,0,1,1,0,0,1,0,1,1,1,0,1,0,0,0,0,0,1,1,0,0,0,1,1,1,1,0,0
105,759,38,0,0,0,0,0,1,1,0,0,0,1,1,1,0,0,0,1,0,0,0,0,0,0,1,0,0,1,1,1,1,0,1
106,627,93,1,1,0,0,0,1,1,0,0,1,0,1,0,0,0,1,0,0,0,0,0,0,0,0,0,0,0,1,1,1,0,0
107,707,21,0,0,1,1,1,0,1,0,0,1,1,1,1,0,1,0,1,0,0,0,0,1,1,0,1,0,1,1,1,1,0,1
108,672,93,0,1,1,0,0,1,0,1,0,0,1,1,0,0,0,1,0,0,0,0,0,0,0,0,0,0,0,1,1,1,0,0
109,459,96,0,1,1,0,0,1,0,1,0,1,1,1,1,0,1,0,1,0,0,0,0,1,1,1,0,0,0,1,1,1,0,0
110,224,27,0,0,1,0,1,0,0,0,0,1,1,1,1,0,1,0,1,0,1,0,0,1,1,1,1,0,1,1,1,1,1,0
111,304,33,0,1,1,0,1,1,0,1,0,1,1,1,0,0,1,1,0,1,0,0,0,1,1,1,1,0,1,0,1,1,0,0
112,521,34,0,1,0,1,0,0,0,1,1,1,1,0,1,1,1,0,0,1,0,0,0,1,1,0,1,0,1,1,1,1,0,1
113,541,76,1,0,0,0,0,1,0,0,0,1,1,0,1,1,0,0,0,1,0,0,0,0,0,1,0,0,1,1,1,1,0,1
114,755,95,0,0,1,1,0,0,1,0,1,0,1,1,1,0,0,0,0,0,0,0,0,1,0,0,0,0,1,1,1,1,0,1
115,976,61,1,0,0,1,0,0,1,1,0,0,0,0,1,0,1,0,1,0,0,0,0,0,0,0,1,0,0,1,1,1,0,0
116,938,90,0,0,1,0,0,1,0,1,1,1,0,0,1,0,1,0,1,0,0,0,0,0,0,0,0,0,0,1,1,1,0,1
117,836,32,1,0,1,0,1,1,0,1,1,0,0,0,1,0,0,0,1,1,0,0,0,0,0,0,0,1,1,0,0,1,0,0
118,411,18,1,1,0,0,1,1,0,0,1,0,0,0,1,0,0,0,1,0,0,0,0,1,1,0,1,0,0,1,1,1,0,1
119,84,45,1,1,1,0,0,1,0,1,1,1,1,0,1,0,0,0,0,0,1,0,0,0,0,0,1,0,0,1,1,1,0,0
120,563,100,0,1,0,0,0,0,0,1,1,0,0,1,0,0,0,1,0,0,0,0,0,0,0,0,0,0,1,1,1,1,0,1
121,214,66,1,1,1,0,1,1,1,1,1,0,0,0,1,0,1,0,1,0,0,0,0,0,0,0,0,0,0,1,1,1,0,0
122,137,65,0,0,0,1,1,1,1,1,1,1,0,1,1,0,1,0,0,0,0,0,0,0,0,0,1,0,1,1,1,1,1,1
123,505,24,0,0,1,0,0,0,0,1,0,1,1,1,1,1,0,0,0,1,0,0,0,1,1,0,1,1,1,1,1,1,0,0
124,653,77,0,1,0,0,1,0,1,1,0,0,0,0,1,1,0,0,0,0,0,0,1,1,0,0,0,1,1,0,0,1,0,0
125,645,43,1,0,0,0,1,1,0,1,0,0,1,1,1,0,1,0,1,0,0,0,0,0,0,1,0,0,1,1,1,1,1,1
126,3,1,1,1,1,1,1,1,0,1,1,1,0,1,1,1,0,0,0,1,0,0,0,1,1,0,0,0,1,1,1,1,0,0
127,433,85,1,1,1,0,1,0,1,1,0,1,0,0,1,1,0,0,0,0,0,0,0,1,0,0,0,0,1,0,0,1,0,0
128,11,11,0,1,0,1,1,0,1,1,0,0,0,1,1,1,0,0,0,0,0,1,0,1,1,0,0,0,1,1,1,1,0,1
129,466,63,0,1,1,0,1,0,1,0,1,0,1,1,1,0,1,0,1,0,0,0,0,1,1,0,0,0,1,1,1,1,1,1
130,563,63,0,1,0,0,0,0,0,1,1,0,0,1,1,0,1,0,1,0,0,0,0,1,1,0,0,0,1,1,1,1,1,1
131,7,90,0,1,1,1,0,0,1,1,1,1,0,0,1,0,1,0,1,0,0,0,0,0,0,0,0,0,0,1,1,1,0,1
132,910,33,1,1,1,0,1,1,0,1,1,1,1,1,0,0,1,1,0,1,0,0,0,1,1,1,1,0,1,0,1,1,0,1
133,585,64,1,1,0,0,0,0,1,1,0,0,1,0,1,0,1,0,1,0,0,0,0,0,0,0,0,0,0,1,1,1,0,0
134,371,65,0,1,1,1,0,0,1,1,0,1,0,1,1,0,1,0,0,0,0,0,0,0,0,0,1,0,1,1,1,1,1,0
135,392,82,0,0,0,1,0,1,0,1,0,0,0,0,1,0,1,0,1,0,0,0,0,1,1,0,0,0,1,1,1,1,0,0
136,701,53,0,0,1,0,1,1,1,0,1,1,0,1,1,0,1,0,1,0,0,0,0,1,1,0,0,0,1,1,1,1,0,1
137,418,85,1,0,0,1,0,1,0,1,0,1,0,0,1,1,0,0,0,0,0,0,0,1,0,0,0,0,1,0,0,1,0,0
138,496,28,1,0,1,1,1,0,1,1,1,1,1,1,1,1,0,1,0,0,0,0,0,1,1,0,0,0,1,1,1,1,0,1
139,858,74,1,0,0,0,0,0,0,1,1,1,1,0,1,0,1,0,0,1,0,0,0,1,1,0,0,0,0,1,1,1,0,0
140,49,24,0,1,1,0,1,0,0,1,1,1,1,1,1,1,0,0,0,1,0,0,0,1,1,0,1,1,1,1,1,1,0,0
141,636,84,1,1,1,0,0,0,1,0,0,1,0,1,0,0,0,0,0,0,0,0,1,1,0,1,1,0,0,1,1,1,0,1
142,322,90,0,1,0,1,1,0,1,1,1,1,0,0,1,0,1,0,1,0,0,0,0,0,0,0,0,0,0,1,1,1,0,0
143,394,2,0,1,0,1,0,0,1,0,1,0,1,1,1,0,1,0,1,0,0,0,0,1,1,0,0,0,1,1,1,1,0,1
144,349,2,0,0,0,1,1,0,0,0,1,1,0,1,1,0,1,0,1,0,0,0,0,1,1,0,0,0,1,1,1,1,0,1
145,845,19,1,0,0,0,1,0,1,0,0,1,0,1,1,0,0,1,1,0,0,0,0,1,1,0,0,0,1,1,1,1,0,0
146,107,23,1,1,1,1,0,0,1,0,0,0,1,1,1,0,0,0,1,0,0,0,0,1,1,0,1,0,1,1,1,1,1,1
147,85,2,1,1,1,1,0,1,1,1,1,1,0,1,1,0,1,0,1,0,0,0,0,1,1,0,0,0,1,1,1,1,0,0
148,336,7,0,0,1,1,1,0,1,1,1,0,1,1,1,0,0,0,0,0,0,0,0,0,0,1,1,0,0,1,1,1,1,1
149,607,98,1,0,1,1,0,0,0,1,0,1,1,1,0,0,0,0,0,0,0,0,0,0,0,1,1,0,1,1,1,1,1,0
150,334,52,1,1,1,0,0,0,1,1,1,0,1,1,0,0,1,0,0,0,0,0,0,1,0,0,1,0,1,0,1,1,0,0
151,144,101,0,1,0,1,1,1,0,1,0,0,1,1,1,1,0,1,0,0,0,0,0,0,0,0,0,0,1,1,1,1,0,0
152,63,90,0,1,1,0,1,1,1,1,0,1,0,0,1,0,1,0,1,0,0,0,0,0,0,0,0,0,0,1,1,1,0,0
153,187,39,1,0,1,1,0,1,1,0,1,1,0,1,1,0,0,0,1,0,0,0,0,1,1,0,0,0,1,1,1,1,1,0
154,562,13,1,1,0,1,0,0,0,0,0,1,1,1,1,0,1,1,0,0,0,0,0,1,1,0,0,0,1,1,1,1,0,0
155,368,76,0,0,1,0,1,1,0,0,1,0,1,0,1,1,0,0,0,1,0,0,0,0,0,1,0,0,1,1,1,1,0,1
156,18,65,1,1,1,1,1,0,0,0,1,1,1,1,1,0,1,0,0,0,0,0,0,0,0,0,1,0,1,1,1,1,1,0
157,593,30,0,1,1,0,1,1,0,1,1,1,1,1,1,0,0,1,0,1,0,0,0,1,1,0,1,0,1,1,1,1,1,1
158,129,93,1,0,1,1,1,1,0,1,0,1,0,1,0,0,0,1,0,0,0,0,0,0,0,0,0,0,0,1,1,1,0,0
159,398,14,0,0,0,1,0,1,1,1,0,1,1,1,0,0,0,0,1,0,0,0,0,0,0,1,1,0,1,0,1,1,1,0
160,326,70,0,1,1,0,0,1,1,1,1,0,0,1,1,0,1,0,1,0,0,0,0,1,1,0,0,0,1,1,1,1,0,0
161,379,43,0,0,1,0,0,0,1,0,0,1,1,1,1,0,1,0,1,0,0,0,0,0,0,1,0,0,1,1,1,1,1,0
162,218,101,1,1,1,0,1,1,0,0,1,1,1,1,1,1,0,1,0,0,0,0,0,0,0,0,0,0,1,1,1,1,0,0
163,608,17,0,0,0,1,0,0,1,1,0,1,0,1,1,1,0,0,0,0,0,0,0,1,1,0,1,0,1,1,1,1,0,1
164,778,33,0,0,1,0,1,1,0,1,0,0,0,1,0,0,1,1,0,1,0,0,0,1,1,1,1,0,1,0,1,1,0,0
165,800,58,0,0,1,0,1,0,1,1,0,1,1,0,1,0,1,0,1,1,0,0,0,1,1,0,0,0,1,1,1,1,0,1
166,58,29,0,0,1,0,1,0,0,1,0,1,0,0,1,0,1,0,1,0,0,0,0,1,1,0,0,0,1,1,1,1,0,1
167,868,80,0,1,0,1,0,0,1,0,0,0,1,0,1,0,0,0,0,0,0,0,0,1,0,0,1,0,1,1,1,1,0,0
168,774,17,0,1,0,0,0,0,0,0,1,0,0,1,1,1,0,0,0,0,0,0,0,1,1,0,1,0,1,1,1,1,0,0
169,845,29,1,0,0,0,1,0,1,0,0,1,0,0,1,0,1,0,1,0,0,0,0,1,1,0,0,0,1,1,1,1,0,0
170,796,16,1,1,1,0,0,0,0,0,1,1,0,1,1,0,1,0,1,0,0,0,0,1,1,0,0,0,1,1,1,1,1,1
171,91,15,0,1,1,0,1,0,0,0,1,0,0,1,1,1,1,0,0,0,0,0,0,0,1,0,0,0,1,1,1,1,0,0
172,820,52,1,1,0,1,0,0,1,1,1,0,0,1,0,0,1,0,0,0,0,0,0,1,0,0,1,0,1,0,1,1,0,1
173,536,42,0,1,1,1,1,1,1,1,0,0,0,0,1,0,0,0,1,0,0,0,0,1,0,0,1,0,0,1,1,0,0,1
174,642,13,0,0,1,1,0,0,0,1,1,0,0,1,1,0,1,1,0,0,0,0,0,1,1,0,0,0,1,1,1,1,0,1
175,188,71,1,1,0,0,0,0,1,0,1,1,0,0,1,0,1,1,0,0,0,0,0,1,0,0,0,0,0,1,1,1,0,1
176,165,54,0,1,0,0,0,0,0,1,1,0,1,0,1,1,0,0,1,0,0,1,0,1,1,0,0,0,0,1,1,1,1,0
177,952,75,1,0,0,0,0,1,1,1,0,0,1,0,1,0,0,1,0,0,1,1,0,0,0,0,1,0,0,1,1,1,0,0
178,677,52,0,1,0,1,0,0,1,0,0,1,0,1,0,0,1,0,0,0,0,0,0,1,0,0,1,0,1,0,1,1,0,0
179,878,62,0,1,1,1,1,1,0,0,1,0,0,1,1,0,0,0,1,0,0,0,0,1,0,1,1,0,1,1,0,1,0,1
180,621,35,1,0,1,1,1,1,0,1,0,0,1,1,1,1,0,1,0,1,0,0,0,1,1,0,1,0,1,1,1,1,1,1
181,963,54,0,0,1,1,1,1,0,0,1,0,0,0,1,1,0,0,1,0,0,1,0,1,1,0,0,0,0,1,1,1,1,1
182,750,6,1,0,0,1,1,0,1,1,1,0,1,0,1,0,0,0,1,1,0,0,0,1,0,0,1,1,0,1,1,1,0,1
183,179,1,1,0,0,0,0,0,1,0,1,1,0,1,1,1,0,0,0,1,0,0,0,1,1,0,0,0,1,1,1,1,0,1
184,210,32,1,0,1,0,0,1,0,0,0,1,1,0,1,0,0,0,1,1,0,0,0,0,0,0,0,1,1,0,0,1,0,1
185,580,35,1,0,0,0,0,0,1,0,1,1,0,1,1,1,0,1,0,1,0,0,0,1,1,0,1,0,1,1,1,1,1,1
186,303,60,0,1,1,1,1,1,0,1,0,0,0,1,1,0,1,0,1,0,0,0,0,0,0,1,1,0,1,1,1,1,0,0
187,904,60,1,0,1,0,0,0,1,0,0,0,0,1,1,0,1,0,1,0,0,0,0,0,0,1,1,0,1,1,1,1,0,0
188,993,52,0,0,0,1,0,0,1,0,1,0,1,1,0,0,1,0,0,0,0,0,0,1,0,0,1,0,1,0,1,1,0,1
189,91,59,0,1,1,0,1,0,0,0,1,0,0,0,1,0,1,0,1,0,0,0,0,1,1,0,0,0,0,1,1,1,0,1
190,257,47,1,1,0,0,0,1,1,0,0,1,1,1,1,0,1,0,1,0,0,0,0,0,0,1,1,0,1,1,1,1,1,1
191,947,91,1,1,1,0,0,1,1,1,1,0,1,0,1,0,1,0,0,0,0,0,0,1,1,0,0,0,0,1,1,1,0,0
192,252,101,0,1,1,0,0,1,0,1,0,0,1,1,1,1,0,1,0,0,0,0,0,0,0,0,0,0,1,1,1,1,0,1
193,658,40,1,0,1,1,1,1,0,0,0,0,1,0,1,0,1,0,1,0,0,0,0,1,1,0,0,0,0,1,1,0,1,0
194,797,63,0,0,1,1,0,0,0,0,0,1,0,1,1,0,1,0,1,0,0,0,0,1,1,0,0,0,1,1,1,1,1,1
195,225,73,1,0,1,1,1,1,0,0,0,1,0,1,1,0,1,0,0,0,0,0,0,1,1,0,0,0,1,1,1,1,0,0
196,622,64,1,0,0,0,0,0,0,0,0,1,0,0,1,0,1,0,1,0,0,0,0,0,0,0,0,0,0,1,1,1,0,1
197,764,67,0,0,1,1,0,1,0,1,0,0,1,1,1,1,0,0,1,0,0,0,0,0,0,0,1,0,1,1,1,1,0,1
198,281,47,0,0,1,1,1,0,0,0,1,0,0,1,1,0,1,0,1,0,0,0,0,0,0,1,1,0,1,1,1,1,1,1
199,181,10,1,0,0,1,1,0,0,1,0,0,1,0,1,0,1,0,0,0,0,0,0,0,1,0,0,0,0,1,1,1,0,0
200,263,55,1,0,0,0,0,0,0,0,1,0,0,0,1,0,0,0,1,0,0,0,0,1,1,0,0,0,1,1,1,1,0,1
201,177,19,0,0,0,0,0,0,0,0,1,0,0,1,1,0,0,1,1,0,0,0,0,1,1,0,0,0,1,1,1,1,0,1
202,593,69,0,1,1,0,1,1,0,1,1,1,1,1,1,0,1,0,1,0,0,0,0,1,0,0,1,1,1,1,1,1,1,0
203,56,6,1,1,1,1,0,1,0,0,0,1,0,0,1,0,0,0,1,1,0,0,0,1,0,0,1,1,0,1,1,1,0,0
204,67,58,0,0,0,0,0,0,1,1,1,0,1,0,1,0,1,0,1,1,0,0,0,1,1,0,0,0,1,1,1,1,0,1
205,755,99,0,0,1,1,0,0,1,0,1,0,1,1,0,1,0,0,0,0,0,0,0,0,0,1,0,0,0,1,1,1,1,0
206,678,21,0,1,0,0,1,0,1,1,1,0,0,1,1,0,1,0,1,0,0,0,0,1,1,0,1,0,1,1,1,1,0,1
207,456,22,1,0,0,0,0,1,0,1,0,1,1,1,1,0,1,0,1,0,0,0,0,1,1,0,1,0,1,1,1,1,0,1
208,416,95,0,0,1,1,1,1,1,1,1,0,0,1,1,0,0,0,0,0,0,0,0,1,0,0,0,0,1,1,1,1,0,0
209,581,86,1,0,0,1,1,0,0,1,1,0,0,0,1,0,1,0,1,0,0,0,0,1,1,0,0,0,1,1,1,0,0,0
210,557,59,0,1,1,1,0,0,1,0,0,1,0,0,1,0,1,0,1,0,0,0,0,1,1,0,0,0,0,1,1,1,0,1
211,479,76,0,1,0,1,0,0,0,0,1,1,1,0,1,1,0,0,0,1,0,0,0,0,0,1,0,0,1,1,1,1,0,1
212,595,74,0,1,1,1,1,0,1,1,0,1,1,0,1,0,1,0,0,1,0,0,0,1,1,0,0,0,0,1,1,1,0,0
213,609,1,1,0,0,0,0,0,0,1,1,0,0,1,1,1,0,0,0,1,0,0,0,1,1,0,0,0,1,1,1,1,0,0
214,161,45,1,0,1,0,1,0,0,0,1,1,0,0,1,0,0,0,0,0,1,0,0,0,0,0,1,0,0,1,1,1,0,1
215,830,40,0,1,0,0,1,1,0,0,1,0,1,0,1,0,1,0,1,0,0,0,0,1,1,0,0,0,0,1,1,0,1,0
216,577,19,0,0,0,0,1,1,0,0,0,1,1,1,1,0,0,1,1,0,0,0,0,1,1,0,0,0,1,1,1,1,0,1
217,796,68,1,1,1,0,0,0,0,0,1,1,0,0,1,0,0,1,0,0,0,0,0,0,0,0,1,0,0,1,1,1,0,1
218,558,2,0,0,0,0,0,1,0,0,0,0,0,1,1,0,1,0,1,0,0,0,0,1,1,0,0,0,1,1,1,1,0,1
219,84,63,1,1,1,0,0,1,0,1,1,1,1,1,1,0,1,0,1,0,0,0,0,1,1,0,0,0,1,1,1,1,1,1
220,279,3,0,0,0,0,0,1,1,1,1,1,1,1,1,0,1,0,0,0,0,0,1,1,1,0,1,0,1,0,1,1,1,1
221,29,32,0,0,1,0,1,1,0,0,0,1,1,0,1,0,0,0,1,1,0,0,0,0,0,0,0,1,1,0,0,1,0,1
222,449,82,1,1,0,0,0,0,1,1,0,1,1,0,1,0,1,0,1,0,0,0,0,1,1,0,0,0,1,1,1,1,0,1
223,387,82,1,0,0,1,1,0,1,0,1,0,1,0,1,0,1,0,1,0,0,0,0,1,1,0,0,0,1,1,1,1,0,0
224,964,45,1,1,0,0,1,0,0,1,1,0,0,0,1,0,0,0,0,0,1,0,0,0,0,0,1,0,0,1,1,1,0,1
225,47,71,1,0,0,1,1,0,0,0,0,1,0,0,1,0,1,1,0,0,0,0,0,1,0,0,0,0,0,1,1,1,0,1
226,269,20,1,0,0,1,1,1,1,1,1,1,1,1,1,0,1,0,1,1,0,1,0,1,1,0,1,0,1,1,1,1,0,0
227,277,6,1,1,1,0,1,0,0,0,0,0,1,0,1,0,0,0,1,1,0,0,0,1,0,0,1,1,0,1,1,1,0,0
228,859,29,1,1,1,1,0,1,1,1,0,0,0,0,1,0,1,0,1,0,0,0,0,1,1,0,0,0,1,1,1,1,0,0
229,552,66,1,0,1,1,1,1,0,0,1,1,1,0,1,0,1,0,1,0,0,0,0,0,0,0,0,0,0,1,1,1,0,1
230,400,54,1,0,1,0,1,0,1,1,0,1,1,0,1,1,0,0,1,0,0,1,0,1,1,0,0,0,0,1,1,1,1,0
231,641,20,1,0,1,1,0,0,1,0,1,1,0,1,1,0,1,0,1,1,0,1,0,1,1,0,1,0,1,1,1,1,0,0
232,490,20,0,1,1,1,0,0,1,1,1,1,0,1,1,0,1,0,1,1,0,1,0,1,1,0,1,0,1,1,1,1,0,0
233,76,99,0,1,0,1,0,1,1,1,1,0,1,1,0,1,0,0,0,0,0,0,0,0,0,1,0,0,0,1,1,1,1,0
234,788,99,1,1,1,1,0,1,0,0,1,0,0,1,0,1,0,0,0,0,0,0,0,0,0,1,0,0,0,1,1,1,1,0
235,141,66,1,1,1,0,0,1,0,0,1,1,1,0,1,0,1,0,1,0,0,0,0,0,0,0,0,0,0,1,1,1,0,1
236,769,12,1,1,0,0,1,1,0,1,0,0,1,1,1,0,0,0,1,0,0,0,0,1,1,1,1,0,1,1,1,1,1,0
237,193,16,0,0,1,1,1,1,0,1,1,1,1,1,1,0,1,0,1,0,0,0,0,1,1,0,0,0,1,1,1,1,1,1
238,110,24,1,0,1,0,0,0,0,1,0,0,0,1,1,1,0,0,0,1,0,0,0,1,1,0,1,1,1,1,1,1,0,1
239,784,6,1,1,1,0,0,0,1,1,0,1,0,0,1,0,0,0,1,1,0,0,0,1,0,0,1,1,0,1,1,1,0,0
240,919,69,0,1,1,1,0,1,0,0,1,1,1,1,1,0,1,0,1,0,0,0,0,1,0,0,1,1,1,1,1,1,1,1
241,550,69,0,1,1,0,1,0,1,1,1,0,0,1,1,0,1,0,1,0,0,0,0,1,0,0,1,1,1,1,1,1,1,0
242,95,15,1,0,0,1,1,0,1,0,1,0,1,1,1,1,1,0,0,0,0,0,0,0,1,0,0,0,1,1,1,1,0,1
243,206,15,0,0,1,0,0,0,1,0,1,0,1,1,1,1,1,0,0,0,0,0,0,0,1,0,0,0,1,1,1,1,0,1
244,90,62,0,0,0,0,1,0,0,0,0,0,1,1,1,0,0,0,1,0,0,0,0,1,0,1,1,0,1,1,0,1,0,0
245,555,98,1,0,1,1,0,1,0,0,0,1,1,1,0,0,0,0,0,0,0,0,0,0,0,1,1,0,1,1,1,1,1,1
246,148,10,0,0,0,1,0,1,0,0,0,1,1,0,1,0,1,0,0,0,0,0,0,0,1,0,0,0,0,1,1,1,0,1
247,666,53,0,0,1,1,0,0,0,0,1,0,1,1,1,0,1,0,1,0,0,0,0,1,1,0,0,0,1,1,1,1,0,1
248,311,97,1,0,1,0,0,0,0,0,0,0,1,0,1,0,0,0,1,0,0,0,0,1,0,0,1,0,0,1,0,1,0,0
249,438,11,0,1,0,1,0,0,0,1,1,1,1,1,1,1,0,0,0,0,0,1,0,1,1,0,0,0,1,1,1,1,0,0
250,874,60,0,0,0,1,1,1,0,0,0,0,0,1,1,0,1,0,1,0,0,0,0,0,0,1,1,0,1,1,1,1,0,0
251,877,30,0,0,1,1,0,0,1,0,0,0,0,1,1,0,0,1,0,1,0,0,0,1,1,0,1,0,1,1,1,1,1,1
252,240,35,0,0,0,1,0,0,1,0,0,1,0,1,1,1,0,1,0,1,0,0,0,1,1,0,1,0,1,1,1,1,1,0
253,169,1,1,0,0,1,0,0,0,1,1,0,0,1,1,1,0,0,0,1,0,0,0,1,1,0,0,0,1,1,1,1,0,0
254,498,69,1,0,1,0,0,0,1,0,0,0,0,1,1,0,1,0,1,0,0,0,0,1,0,0,1,1,1,1,1,1,1,1
255,393,96,0,1,0,1,0,1,0,0,0,1,0,1,1,0,1,0,1,0,0,0,0,1,1,1,0,0,0,1,1,1,0,0
256,477,29,1,1,1,0,1,1,1,1,1,1,1,0,1,0,1,0,1,0,0,0,0,1,1,0,0,0,1,1,1,1,0,1
257,398,21,0,0,0,1,0,1,1,1,0,1,1,1,1,0,1,0,1,0,0,0,0,1,1,0,1,0,1,1,1,1,0,0
258,622,19,1,0,0,0,0,0,0,0,0,1,0,1,1,0,0,1,1,0,0,0,0,1,1,0,0,0,1,1,1,1,0,0
259,410,6,1,0,0,0,0,1,1,1,0,0,1,0,1,0,0,0,1,1,0,0,0,1,0,0,1,1,0,1,1,1,0,1
260,39,51,1,1,1,0,0,1,1,0,0,1,1,1,1,0,0,1,0,0,0,0,0,0,0,0,1,0,1,1,1,1,0,1
261,801,33,0,1,0,0,0,1,1,0,0,1,1,1,0,0,1,1,0,1,0,0,0,1,1,1,1,0,1,0,1,1,0,0
262,816,2,1,0,1,0,1,0,1,1,0,0,0,1,1,0,1,0,1,0,0,0,0,1,1,0,0,0,1,1,1,1,0,1
263,197,69,1,0,1,1,0,1,1,1,1,0,0,1,1,0,1,0,1,0,0,0,0,1,0,0,1,1,1,1,1,1,1,0
264,225,86,1,0,1,1,1,1,0,0,0,1,0,0,1,0,1,0,1,0,0,0,0,1,1,0,0,0,1,1,1,0,0,0
265,366,13,0,1,0,0,0,0,1,1,1,1,0,1,1,0,1,1,0,0,0,0,0,1,1,0,0,0,1,1,1,1,0,1
266,864,78,0,0,0,1,1,0,1,0,1,1,0,0,1,0,0,0,0,0,0,0,0,1,0,0,1,1,0,1,1,1,0,1
267,588,53,0,0,1,1,1,0,1,0,0,0,1,1,1,0,1,0,1,0,0,0,0,1,1,0,0,0,1,1,1,1,0,0
268,248,28,1,0,0,1,0,0,0,1,0,1,1,1,1,1,0,1,0,0,0,0,0,1,1,0,0,0,1,1,1,1,0,1
269,151,99,1,1,1,1,1,1,1,1,0,1,1,1,0,1,0,0,0,0,0,0,0,0,0,1,0,0,0,1,1,1,1,0
270,256,92,1,1,0,0,1,0,1,0,0,0,1,1,0,0,0,1,0,0,0,0,0,0,0,0,0,0,1,1,1,1,0,0
271,453,62,1,0,1,0,1,1,1,1,1,0,0,1,1,0,0,0,1,0,0,0,0,1,0,1,1,0,1,1,0,1,0,0
272,817,77,1,1,1,1,1,1,1,0,0,0,0,0,1,1,0,0,0,0,0,0,1,1,0,0,0,1,1,0,0,1,0,1
273,561,98,0,0,0,1,0,1,0,1,1,0,0,1,0,0,0,0,0,0,0,0,0,0,0,1,1,0,1,1,1,1,1,0
274,855,75,1,0,1,0,0,1,1,1,1,1,0,0,1,0,0,1,0,0,1,1,0,0,0,0,1,0,0,1,1,1,0,1
275,772,65,0,1,1,0,0,0,1,1,0,0,0,1,1,0,1,0,0,0,0,0,0,0,0,0,1,0,1,1,1,1,1,0
276,678,64,0,1,0,0,1,0,1,1,1,0,0,0,1,0,1,0,1,0,0,0,0,0,0,0,0,0,0,1,1,1,0,1
277,187,28,1,0,1,1,0,1,1,0,1,1,0,1,1,1,0,1,0,0,0,0,0,1,1,0,0,0,1,1,1,1,0,1
278,689,34,1,1,1,0,0,0,1,1,1,1,1,0,1,1,1,0,0,1,0,0,0,1,1,0,1,0,1,1,1,1,0,1
279,421,42,0,0,1,0,0,1,1,1,1,1,1,0,1,0,0,0,1,0,0,0,0,1,0,0,1,0,0,1,1,0,0,1
280,222,11,0,1,0,1,1,1,1,0,1,0,0,1,1,1,0,0,0,0,0,1,0,1,1,0,0,0,1,1,1,1,0,1
281,412,72,1,1,1,1,1,0,0,1,1,1,1,1,1,0,0,0,0,0,0,0,0,1,1,0,0,0,1,1,1,1,1,0
282,208,84,1,0,1,0,0,0,1,1,0,0,0,1,0,0,0,0,0,0,0,0,1,1,0,1,1,0,0,1,1,1,0,1
283,226,22,1,1,0,1,0,0,1,0,0,0,1,1,1,0,1,0,1,0,0,0,0,1,1,0,1,0,1,1,1,1,0,0
284,970,23,1,1,1,0,1,1,0,0,1,1,0,1,1,0,0,0,1,0,0,0,0,1,1,0,1,0,1,1,1,1,1,0
285,980,22,1,1,1,1,0,0,1,1,0,1,1,1,1,0,1,0,1,0,0,0,0,1,1,0,1,0,1,1,1,1,0,1
286,906,77,1,0,0,0,0,0,1,1,1,1,1,0,1,1,0,0,0,0,0,0,1,1,0,0,0,1,1,0,0,1,0,1
287,700,65,0,1,1,1,1,1,1,0,0,1,1,1,1,0,1,0,0,0,0,0,0,0,0,0,1,0,1,1,1,1,1,0
288,670,38,0,0,1,0,1,0,1,0,0,1,0,1,1,0,0,0,1,0,0,0,0,0,0,1,0,0,1,1,1,1,0,0
289,893,4,1,1,0,0,1,1,1,0,0,0,1,1,1,0,0,1,0,0,0,0,0,1,1,0,0,0,1,1,1,1,0,0
290,782,24,0,1,0,0,0,0,1,0,1,0,1,1,1,1,0,0,0,1,0,0,0,1,1,0,1,1,1,1,1,1,0,0
291,496,21,1,0,1,1,1,0,1,1,1,1,1,1,1,0,1,0,1,0,0,0,0,1,1,0,1,0,1,1,1,1,0,1
292,457,11,1,1,1,0,1,0,1,1,0,1,0,1,1,1,0,0,0,0,0,1,0,1,1,0,0,0,1,1,1,1,0,0
293,158,98,1,0,1,0,0,1,0,1,0,0,1,1,0,0,0,0,0,0,0,0,0,0,0,1,1,0,1,1,1,1,1,0
294,156,34,1,1,0,1,1,1,0,1,0,1,1,0,1,1,1,0,0,1,0,0,0,1,1,0,1,0,1,1,1,1,0,0
295,139,3,1,0,0,1,1,0,1,1,1,0,1,1,1,0,1,0,0,0,0,0,1,1,1,0,1,0,1,0,1,1,1,1
296,850,46,1,1,1,1,0,1,1,0,1,1,0,0,1,0,1,0,1,0,0,0,0,1,1,0,0,0,1,1,0,1,0,1
297,915,51,1,1,1,0,1,0,0,1,0,0,0,1,1,0,0,1,0,0,0,0,0,0,0,0,1,0,1,1,1,1,0,0
298,714,25,0,0,1,1,0,1,0,1,1,0,1,1,1,0,1,1,0,0,0,0,0,1,1,0,1,1,1,1,1,1,1,0
299,683,98,0,1,0,1,1,0,0,0,1,1,1,1,0,0,0,0,0,0,0,0,0,0,0,1,1,0,1,1,1,1,1,1
300,841,33,0,1,1,0,0,0,1,1,1,1,1,1,0,0,1,1,0,1,0,0,0,1,1,1,1,0,1,0,1,1,0,0
301,543,100,1,0,1,1,1,0,1,0,1,1,0,1,0,0,0,1,0,0,0,0,0,0,0,0,0,0,1,1,1,1,0,0
302,15,50,0,1,1,0,1,1,1,1,1,1,0,0,1,0,1,0,1,0,0,0,0,1,1,0,0,0,0,1,1,1,0,1
303,312,69,0,1,1,0,0,1,0,0,0,0,1,1,1,0,1,0,1,0,0,0,0,1,0,0,1,1,1,1,1,1,1,0
304,845,15,1,0,0,0,1,0,1,0,0,1,0,1,1,1,1,0,0,0,0,0,0,0,1,0,0,0,1,1,1,1,0,0
305,990,15,1,1,1,1,0,1,0,0,0,0,0,1,1,1,1,0,0,0,0,0,0,0,1,0,0,0,1,1,1,1,0,0
306,882,86,0,0,1,0,0,0,0,1,1,1,0,0,1,0,1,0,1,0,0,0,0,1,1,0,0,0,1,1,1,0,0,1
307,814,4,0,1,1,0,0,1,0,1,1,1,1,1,1,0,0,1,0,0,0,0,0,1,1,0,0,0,1,1,1,1,0,1
308,830,74,0,1,0,0,1,1,0,0,1,0,1,0,1,0,1,0,0,1,0,0,0,1,1,0,0,0,0,1,1,1,0,1
309,486,25,1,0,0,1,0,1,0,0,1,0,1,1,1,0,1,1,0,0,0,0,0,1,1,0,1,1,1,1,1,1,1,1
310,969,62,1,1,0,1,1,1,0,0,1,0,0,1,1,0,0,0,1,0,0,0,0,1,0,1,1,0,1,1,0,1,0,0
311,90,2,0,0,0,0,1,0,0,0,0,0,1,1,1,0,1,0,1,0,0,0,0,1,1,0,0,0,1,1,1,1,0,0
312,94,96,1,0,0,0,1,0,0,0,1,1,1,1,1,0,1,0,1,0,0,0,0,1,1,1,0,0,0,1,1,1,0,1
313,790,79,1,0,0,1,0,0,0,0,0,0,0,1,1,0,1,1,0,0,0,0,0,1,0,0,0,0,1,1,1,1,0,1
314,345,4,1,0,1,0,0,1,1,1,1,1,1,1,1,0,0,1,0,0,0,0,0,1,1,0,0,0,1,1,1,1,0,1
315,209,91,0,1,1,0,0,0,0,1,0,0,0,0,1,0,1,0,0,0,0,0,0,1,1,0,0,0,0,1,1,1,0,0
316,981,50,0,0,0,1,1,0,1,0,0,1,1,0,1,0,1,0,1,0,0,0,0,1,1,0,0,0,0,1,1,1,0,1
317,332,41,1,0,0,0,0,1,0,1,1,1,1,0,1,1,0,0,0,1,0,0,0,1,0,0,1,0,0,1,1,1,0,0
318,151,24,1,1,1,1,1,1,1,1,0,1,1,1,1,1,0,0,0,1,0,0,0,1,1,0,1,1,1,1,1,1,0,0
319,58,68,0,0,1,0,1,0,0,1,0,1,0,0,1,0,0,1,0,0,0,0,0,0,0,0,1,0,0,1,1,1,0,1
320,567,25,1,1,0,0,0,1,0,0,1,1,0,1,1,0,1,1,0,0,0,0,0,1,1,0,1,1,1,1,1,1,1,1
321,634,32,0,1,1,1,0,1,0,0,1,0,1,0,1,0,0,0,1,1,0,0,0,0,0,0,0,1,1,0,0,1,0,1
322,74,1,1,1,0,0,1,0,1,0,0,1,1,1,1,1,0,0,0,1,0,0,0,1,1,0,0,0,1,1,1,1,0,1
323,417,24,1,1,1,0,1,0,1,0,1,1,1,1,1,1,0,0,0,1,0,0,0,1,1,0,1,1,1,1,1,1,0,0
324,201,26,1,1,0,1,0,0,1,0,0,1,0,1,1,1,0,0,0,0,0,0,0,1,1,0,1,0,1,1,1,1,1,1
325,426,98,1,0,0,1,0,0,1,1,1,0,0,1,0,0,0,0,0,0,0,0,0,0,0,1,1,0,1,1,1,1,1,0
326,87,62,0,1,1,1,0,1,0,1,1,1,0,1,1,0,0,0,1,0,0,0,0,1,0,1,1,0,1,1,0,1,0,0
327,471,63,1,1,0,0,1,1,1,1,0,1,0,1,1,0,1,0,1,0,0,0,0,1,1,0,0,0,1,1,1,1,1,0
328,797,64,0,0,1,1,0,0,0,0,0,1,0,0,1,0,1,0,1,0,0,0,0,0,0,0,0,0,0,1,1,1,0,0
329,923,91,1,0,1,0,0,1,1,0,1,0,0,0,1,0,1,0,0,0,0,0,0,1,1,0,0,0,0,1,1,1,0,0
330,718,8,1,1,1,1,1,1,0,1,1,1,0,1,1,0,0,0,1,0,0,0,0,1,1,1,1,0,1,1,1,1,0,1
331,658,21,1,0,1,1,1,1,0,0,0,0,1,1,1,0,1,0,1,0,0,0,0,1,1,0,1,0,1,1,1,1,0,0
332,631,79,1,1,0,0,1,0,0,1,1,0,1,1,1,0,1,1,0,0,0,0,0,1,0,0,0,0,1,1,1,1,0,1
333,73,85,1,1,1,1,0,1,1,1,0,1,0,0,1,1,0,0,0,0,0,0,0,1,0,0,0,0,1,0,0,1,0,1
334,78,13,0,0,1,1,1,0,1,0,1,1,0,1,1,0,1,1,0,0,0,0,0,1,1,0,0,0,1,1,1,1,0,1
335,721,38,1,0,0,0,0,0,0,1,1,0,1,1,1,0,0,0,1,0,0,0,0,0,0,1,0,0,1,1,1,1,0,1
336,9,52,1,0,0,1,0,1,1,0,1,1,0,1,0,0,1,0,0,0,0,0,0,1,0,0,1,0,1,0,1,1,0,1
337,682,77,0,1,1,1,1,0,1,1,0,1,1,0,1,1,0,0,0,0,0,0,1,1,0,0,0,1,1,0,0,1,0,0
338,315,31,1,0,1,1,0,0,0,0,1,1,1,1,1,0,0,0,1,0,0,0,0,1,1,0,1,1,1,1,1,1,1,1
339,618,45,0,0,0,1,0,1,1,0,1,1,0,0,1,0,0,0,0,0,1,0,0,0,0,0,1,0,0,1,1,1,0,0
340,939,51,1,1,0,0,1,0,1,0,1,0,1,1,1,0,0,1,0,0,0,0,0,0,0,0,1,0,1,1,1,1,0,0
341,775,87,1,0,0,1,1,0,0,1,0,1,1,1,1,1,0,0,0,0,0,0,0,0,1,1,1,0,1,1,1,1,1,0
342,924,7,1,0,1,0,1,0,0,1,1,1,1,1,1,0,0,0,0,0,0,0,0,0,0,1,1,0,0,1,1,1,1,1
343,467,93,1,1,1,1,0,0,1,1,0,1,1,1,0,0,0,1,0,0,0,0,0,0,0,0,0,0,0,1,1,1,0,0
344,165,53,0,1,0,0,0,0,0,1,1,0,1,1,1,0,1,0,1,0,0,0,0,1,1,0,0,0,1,1,1,1,0,1
345,879,5,1,1,1,0,0,1,0,1,1,1,0,1,1,0,1,0,0,1,0,0,0,1,1,0,0,0,1,1,1,0,0,1
346,59,10,0,0,1,1,0,0,0,1,0,0,1,0,1,0,1,0,0,0,0,0,0,0,1,0,0,0,0,1,1,1,0,0
347,608,76,0,0,0,1,0,0,1,1,0,1,0,0,1,1,0,0,0,1,0,0,0,0,0,1,0,0,1,1,1,1,0,0
348,500,65,1,0,0,0,0,1,1,1,0,1,0,1,1,0,1,0,0,0,0,0,0,0,0,0,1,0,1,1,1,1,1,1
349,224,4,0,0,1,0,1,0,0,0,0,1,1,1,1,0,0,1,0,0,0,0,0,1,1,0,0,0,1,1,1,1,0,0
350,229,77,0,0,1,0,1,0,0,0,1,0,0,0,1,1,0,0,0,0,0,0,1,1,0,0,0,1,1,0,0,1,0,1
351,420,69,0,0,1,1,0,1,1,0,0,0,0,1,1,0,1,0,1,0,0,0,0,1,0,0,1,1,1,1,1,1,1,1
352,829,42,1,0,1,0,0,0,1,0,0,0,0,0,1,0,0,0,1,0,0,0,0,1,0,0,1,0,0,1,1,0,0,0
353,739,13,0,1,0,1,0,0,1,1,0,0,0,1,1,0,1,1,0,0,0,0,0,1,1,0,0,0,1,1,1,1,0,1
354,593,17,0,1,1,0,1,1,0,1,1,1,1,1,1,1,0,0,0,0,0,0,0,1,1,0,1,0,1,1,1,1,0,1
355,361,97,0,0,1,1,0,0,1,0,0,0,0,0,1,0,0,0,1,0,0,0,0,1,0,0,1,0,0,1,0,1,0,1
356,712,41,0,0,1,1,1,1,1,0,1,1,0,0,1,1,0,0,0,1,0,0,0,1,0,0,1,0,0,1,1,1,0,1
357,634,74,0,1,1,1,0,1,0,0,1,0,1,0,1,0,1,0,0,1,0,0,0,1,1,0,0,0,0,1,1,1,0,0
358,103,97,0,0,1,1,0,1,0,1,0,1,1,0,1,0,0,0,1,0,0,0,0,1,0,0,1,0,0,1,0,1,0,1
359,457,93,1,1,1,0,1,0,1,1,0,1,0,1,0,0,0,1,0,0,0,0,0,0,0,0,0,0,0,1,1,1,0,1
360,91,23,0,1,1,0,1,0,0,0,1,0,0,1,1,0,0,0,1,0,0,0,0,1,1,0,1,0,1,1,1,1,1,1
361,392,86,0,0,0,1,0,1,0,1,0,0,0,0,1,0,1,0,1,0,0,0,0,1,1,0,0,0,1,1,1,0,0,1
362,892,78,1,0,0,1,1,0,0,0,1,0,0,0,1,0,0,0,0,0,0,0,0,1,0,0,1,1,0,1,1,1,0,0
363,464,19,0,1,1,0,0,1,0,1,1,1,0,1,1,0,0,1,1,0,0,0,0,1,1,0,0,0,1,1,1,1,0,0
364,401,61,1,0,0,0,0,0,1,1,0,0,0,0,1,0,1,0,1,0,0,0,0,0,0,0,1,0,0,1,1,1,0,0
365,685,91,1,1,1,0,0,1,1,0,0,1,0,0,1,0,1,0,0,0,0,0,0,1,1,0,0,0,0,1,1,1,0,0
366,540,22,0,0,0,0,1,0,0,0,0,1,0,1,1,0,1,0,1,0,0,0,0,1,1,0,1,0,1,1,1,1,0,0
367,913,7,1,1,1,1,0,1,0,1,1,1,0,1,1,0,0,0,0,0,0,0,0,0,0,1,1,0,0,1,1,1,1,1
368,104,11,1,0,0,0,0,0,0,1,1,0,0,1,1,1,0,0,0,0,0,1,0,1,1,0,0,0,1,1,1,1,0,0
369,533,2,0,0,0,0,1,1,0,0,0,1,1,1,1,0,1,0,1,0,0,0,0,1,1,0,0,0,1,1,1,1,0,0
370,431,94,0,1,0,1,1,0,0,1,1,0,1,1,1,0,0,0,1,0,0,0,0,1,0,1,0,0,1,1,1,1,0,1
371,36,64,1,0,0,0,0,0,0,1,0,0,1,0,1,0,1,0,1,0,0,0,0,0,0,0,0,0,0,1,1,1,0,1
372,813,84,1,0,1,1,1,0,1,0,0,0,0,1,0,0,0,0,0,0,0,0,1,1,0,1,1,0,0,1,1,1,0,0
373,884,26,0,1,1,0,0,1,1,0,1,1,0,1,1,1,0,0,0,0,0,0,0,1,1,0,1,0,1,1,1,1,1,1
374,476,36,0,0,1,1,1,1,1,0,0,0,0,1,1,0,1,0,0,0,0,0,0,0,1,0,0,0,1,1,1,1,1,1
375,796,11,1,1,1,0,0,0,0,0,1,1,0,1,1,1,0,0,0,0,0,1,0,1,1,0,0,0,1,1,1,1,0,0
376,601,97,1,0,0,0,0,0,0,0,1,0,0,0,1,0,0,0,1,0,0,0,0,1,0,0,1,0,0,1,0,1,0,1
377,582,15,1,1,1,0,1,1,0,0,0,1,0,1,1,1,1,0,0,0,0,0,0,0,1,0,0,0,1,1,1,1,0,1
378,503,30,0,0,0,0,1,0,1,0,1,0,1,1,1,0,0,1,0,1,0,0,0,1,1,0,1,0,1,1,1,1,1,1
379,280,40,0,0,0,1,1,1,1,1,0,0,1,0,1,0,1,0,1,0,0,0,0,1,1,0,0,0,0,1,1,0,1,0
380,968,78,1,1,1,1,0,1,0,0,0,0,1,0,1,0,0,0,0,0,0,0,0,1,0,0,1,1,0,1,1,1,0,1
381,908,95,0,0,1,1,1,0,0,0,1,0,1,1,1,0,0,0,0,0,0,0,0,1,0,0,0,0,1,1,1,1,0,0
382,363,45,0,0,0,1,0,0,1,0,0,0,1,0,1,0,0,0,0,0,1,0,0,0,0,0,1,0,0,1,1,1,0,1
383,614,90,0,1,0,0,1,1,1,0,0,0,0,0,1,0,1,0,1,0,0,0,0,0,0,0,0,0,0,1,1,1,0,0
384,797,94,0,0,1,1,0,0,0,0,0,1,0,1,1,0,0,0,1,0,0,0,0,1,0,1,0,0,1,1,1,1,0,1
385,750,85,1,0,0,1,1,0,1,1,1,0,1,0,1,1,0,0,0,0,0,0,0,1,0,0,0,0,1,0,0,1,0,0
386,912,66,0,1,1,0,0,0,0,1,0,1,0,0,1,0,1,0,1,0,0,0,0,0,0,0,0,0,0,1,1,1,0,0
387,119,28,1,0,1,0,0,0,0,1,0,1,1,1,1,1,0,1,0,0,0,0,0,1,1,0,0,0,1,1,1,1,0,0
388,214,51,1,1,1,0,1,1,1,1,1,0,0,1,1,0,0,1,0,0,0,0,0,0,0,0,1,0,1,1,1,1,0,1
389,519,92,0,1,1,1,0,1,1,1,1,0,1,1,0,0,0,1,0,0,0,0,0,0,0,0,0,0,1,1,1,1,0,0
390,245,84,1,0,0,0,1,0,1,1,0,0,0,1,0,0,0,0,0,0,0,0,1,1,0,1,1,0,0,1,1,1,0,1
391,356,1,1,0,0,1,1,0,0,0,0,0,1,1,1,1,0,0,0,1,0,0,0,1,1,0,0,0,1,1,1,1,0,1
392,442,24,0,0,0,1,0,0,1,1,1,1,1,1,1,1,0,0,0,1,0,0,0,1,1,0,1,1,1,1,1,1,0,0
393,199,74,1,0,0,1,1,1,1,0,1,0,0,0,1,0,1,0,0,1,0,0,0,1,1,0,0,0,0,1,1,1,0,1
394,279,20,0,0,0,0,0,1,1,1,1,1,1,1,1,0,1,0,1,1,0,1,0,1,1,0,1,0,1,1,1,1,0,0
395,112,36,0,1,0,0,0,1,0,1,0,0,1,1,1,0,1,0,0,0,0,0,0,0,1,0,0,0,1,1,1,1,1,0
396,161,80,1,0,1,0,1,0,0,0,1,1,0,0,1,0,0,0,0,0,0,0,0,1,0,0,1,0,1,1,1,1,0,1
397,298,33,1,1,1,0,1,1,1,0,1,0,0,1,0,0,1,1,0,1,0,0,0,1,1,1,1,0,1,0,1,1,0,1
398,757,19,1,0,0,1,0,0,1,0,0,0,0,1,1,0,0,1,1,0,0,0,0,1,1,0,0,0,1,1,1,1,0,0
399,45,80,0,0,1,1,0,1,0,1,1,0,1,0,1,0,0,0,0,0,0,0,0,1,0,0,1,0,1,1,1,1,0,0
400,246,100,1,1,1,1,1,1,0,1,0,1,0,1,0,0,0,1,0,0,0,0,0,0,0,0,0,0,1,1,1,1,0,0
401,882,81,0,0,1,0,0,0,0,1,1,1,0,1,1,1,0,0,0,0,0,0,0,1,0,0,1,1,1,1,1,1,0,1
402,391,38,1,0,0,1,0,1,0,1,0,1,0,1,1,0,0,0,1,0,0,0,0,0,0,1,0,0,1,1,1,1,0,1
403,425,79,0,1,1,0,1,0,1,0,0,0,0,1,1,0,1,1,0,0,0,0,0,1,0,0,0,0,1,1,1,1,0,0
404,875,63,1,1,1,1,0,1,1,0,1,0,1,1,1,0,1,0,1,0,0,0,0,1,1,0,0,0,1,1,1,1,1,1
405,193,64,0,0,1,1,1,1,0,1,1,1,1,0,1,0,1,0,1,0,0,0,0,0,0,0,0,0,0,1,1,1,0,1
406,985,67,1,1,0,1,1,0,1,0,0,1,1,1,1,1,0,0,1,0,0,0,0,0,0,0,1,0,1,1,1,1,0,1
407,914,19,1,1,1,0,0,1,0,1,1,0,0,1,1,0,0,1,1,0,0,0,0,1,1,0,0,0,1,1,1,1,0,1
408,615,91,0,0,0,1,1,1,1,1,0,1,0,0,1,0,1,0,0,0,0,0,0,1,1,0,0,0,0,1,1,1,0,1
409,934,26,0,0,0,1,1,1,1,0,0,1,0,1,1,1,0,0,0,0,0,0,0,1,1,0,1,0,1,1,1,1,1,1
410,202,60,1,0,1,1,0,0,1,0,0,0,0,1,1,0,1,0,1,0,0,0,0,0,0,1,1,0,1,1,1,1,0,0
411,994,20,1,1,0,1,0,1,1,1,1,1,1,1,1,0,1,0,1,1,0,1,0,1,1,0,1,0,1,1,1,1,0,0
412,695,71,1,0,1,1,0,0,1,1,1,0,1,0,1,0,1,1,0,0,0,0,0,1,0,0,0,0,0,1,1,1,0,0
413,192,88,0,0,0,0,0,1,0,1,0,0,1,1,1,0,0,1,0,0,0,0,0,0,0,0,0,0,0,0,1,1,0,1
414,900,29,1,1,0,0,0,0,0,0,0,0,0,0,1,0,1,0,1,0,0,0,0,1,1,0,0,0,1,1,1,1,0,0
415,255,99,1,0,0,1,0,0,1,0,1,0,1,1,0,1,0,0,0,0,0,0,0,0,0,1,0,0,0,1,1,1,1,0
416,308,19,0,1,1,0,1,0,1,0,0,0,0,1,1,0,0,1,1,0,0,0,0,1,1,0,0,0,1,1,1,1,0,1
417,295,54,0,1,1,1,1,1,0,1,1,0,0,0,1,1,0,0,1,0,0,1,0,1,1,0,0,0,0,1,1,1,1,0
418,975,15,0,1,0,1,1,0,1,0,0,1,1,1,1,1,1,0,0,0,0,0,0,0,1,0,0,0,1,1,1,1,0,0
419,798,66,0,0,1,1,0,1,0,1,0,1,1,0,1,0,1,0,1,0,0,0,0,0,0,0,0,0,0,1,1,1,0,1
420,276,51,0,1,0,1,0,0,0,1,1,1,1,1,1,0,0,1,0,0,0,0,0,0,0,0,1,0,1,1,1,1,0,1
421,457,71,1,1,1,0,1,0,1,1,0,1,0,0,1,0,1,1,0,0,0,0,0,1,0,0,0,0,0,1,1,1,0,0
422,746,70,0,0,0,0,0,0,1,1,0,1,0,1,1,0,1,0,1,0,0,0,0,1,1,0,0,0,1,1,1,1,0,0
423,866,33,0,0,0,0,1,0,1,1,1,0,0,1,0,0,1,1,0,1,0,0,0,1,1,1,1,0,1,0,1,1,0,1
424,979,90,0,1,0,1,0,0,1,1,1,0,1,0,1,0,1,0,1,0,0,0,0,0,0,0,0,0,0,1,1,1,0,0
425,277,4,1,1,1,0,1,0,0,0,0,0,1,1,1,0,0,1,0,0,0,0,0,1,1,0,0,0,1,1,1,1,0,0
426,609,54,1,0,0,0,0,0,0,1,1,0,0,0,1,1,0,0,1,0,0,1,0,1,1,0,0,0,0,1,1,1,1,1
427,37,90,0,1,1,0,0,0,0,0,1,0,0,0,1,0,1,0,1,0,0,0,0,0,0,0,0,0,0,1,1,1,0,0
428,361,12,0,0,1,1,0,0,1,0,0,0,0,1,1,0,0,0,1,0,0,0,0,1,1,1,1,0,1,1,1,1,1,1
429,884,24,0,1,1,0,0,1,1,0,1,1,0,1,1,1,0,0,0,1,0,0,0,1,1,0,1,1,1,1,1,1,0,0
430,908,52,0,0,1,1,1,0,0,0,1,0,1,1,0,0,1,0,0,0,0,0,0,1,0,0,1,0,1,0,1,1,0,1
431,714,69,0,0,1,1,0,1,0,1,1,0,1,1,1,0,1,0,1,0,0,0,0,1,0,0,1,1,1,1,1,1,1,0
432,178,42,1,0,0,1,1,1,1,0,0,1,1,0,1,0,0,0,1,0,0,0,0,1,0,0,1,0,0,1,1,0,0,0
433,991,65,0,1,1,1,1,0,1,1,0,0,1,1,1,0,1,0,0,0,0,0,0,0,0,0,1,0,1,1,1,1,1,0
434,646,36,0,0,1,0,0,0,0,1,0,0,0,1,1,0,1,0,0,0,0,0,0,0,1,0,0,0,1,1,1,1,1,1
435,850,45,1,1,1,1,0,1,1,0,1,1,0,0,1,0,0,0,0,0,1,0,0,0,0,0,1,0,0,1,1,1,0,1
436,375,2,1,1,0,1,0,0,0,1,0,1,0,1,1,0,1,0,1,0,0,0,0,1,1,0,0,0,1,1,1,1,0,0
437,654,19,1,1,0,1,1,0,0,1,0,0,0,1,1,0,0,1,1,0,0,0,0,1,1,0,0,0,1,1,1,1,0,1
438,525,99,1,1,0,0,0,0,1,0,0,0,0,1,0,1,0,0,0,0,0,0,0,0,0,1,0,0,0,1,1,1,1,0
439,673,68,1,0,1,1,0,1,1,1,0,0,0,0,1,0,0,1,0,0,0,0,0,0,0,0,1,0,0,1,1,1,0,0
440,724,27,1,0,0,0,0,0,1,1,1,0,0,1,1,0,1,0,1,0,1,0,0,1,1,1,1,0,1,1,1,1,1,1
441,117,9,1,0,0,0,1,1,1,1,0,0,1,1,1,0,0,0,0,1,0,0,0,0,0,0,0,1,1,0,1,1,0,1
442,495,5,0,0,0,0,1,1,1,0,0,0,1,1,1,0,1,0,0,1,0,0,0,1,1,0,0,0,1,1,1,0,0,1
443,441,99,1,1,1,1,0,1,0,1,0,0,0,1,0,1,0,0,0,0,0,0,0,0,0,1,0,0,0,1,1,1,1,1
444,858,43,1,0,0,0,0,0,0,1,1,1,1,1,1,0,1,0,1,0,0,0,0,0,0,1,0,0,1,1,1,1,1,1
445,225,39,1,0,1,1,1,1,0,0,0,1,0,1,1,0,0,0,1,0,0,0,0,1,1,0,0,0,1,1,1,1,1,1
446,453,78,1,0,1,0,1,1,1,1,1,0,0,0,1,0,0,0,0,0,0,0,0,1,0,0,1,1,0,1,1,1,0,0
447,738,29,0,1,1,1,0,1,0,0,0,0,0,0,1,0,1,0,1,0,0,0,0,1,1,0,0,0,1,1,1,1,0,1
448,846,3,1,0,1,0,1,1,0,0,0,1,1,1,1,0,1,0,0,0,0,0,1,1,1,0,1,0,1,0,1,1,1,0
449,291,86,1,1,1,1,0,0,1,0,1,0,1,0,1,0,1,0,1,0,0,0,0,1,1,0,0,0,1,1,1,0,0,1
450,729,96,0,0,0,1,0,1,1,0,0,0,1,1,1,0,1,0,1,0,0,0,0,1,1,1,0,0,0,1,1,1,0,0
451,908,54,0,0,1,1,1,0,0,0,1,0,1,0,1,1,0,0,1,0,0,1,0,1,1,0,0,0,0,1,1,1,1,1
452,737,4,0,1,0,0,1,1,1,0,0,1,0,1,1,0,0,1,0,0,0,0,0,1,1,0,0,0,1,1,1,1,0,1
453,944,64,0,0,1,1,1,1,0,1,1,1,0,0,1,0,1,0,1,0,0,0,0,0,0,0,0,0,0,1,1,1,0,0
454,26,99,0,0,0,0,1,1,0,1,1,1,0,1,0,1,0,0,0,0,0,0,0,0,0,1,0,0,0,1,1,1,1,1
455,364,62,1,1,1,0,1,0,1,0,1,1,0,1,1,0,0,0,1,0,0,0,0,1,0,1,1,0,1,1,0,1,0,1
456,2,5,1,1,1,0,1,0,1,0,1,1,1,1,1,0,1,0,0,1,0,0,0,1,1,0,0,0,1,1,1,0,0,0
457,993,101,0,0,0,1,0,0,1,0,1,0,1,1,1,1,0,1,0,0,0,0,0,0,0,0,0,0,1,1,1,1,0,1
458,985,18,1,1,0,1,1,0,1,0,0,1,1,0,1,0,0,0,1,0,0,0,0,1,1,0,1,0,0,1,1,1,0,1
459,902,1,1,0,0,1,0,0,1,1,1,1,1,1,1,1,0,0,0,1,0,0,0,1,1,0,0,0,1,1,1,1,0,0
460,607,21,1,0,1,1,0,0,0,1,0,1,1,1,1,0,1,0,1,0,0,0,0,1,1,0,1,0,1,1,1,1,0,1
461,424,17,0,0,1,0,1,0,0,0,0,0,0,1,1,1,0,0,0,0,0,0,0,1,1,0,1,0,1,1,1,1,0,1
462,556,90,0,1,1,1,1,1,0,0,0,0,0,0,1,0,1,0,1,0,0,0,0,0,0,0,0,0,0,1,1,1,0,0
463,906,88,1,0,0,0,0,0,1,1,1,1,1,1,1,0,0,1,0,0,0,0,0,0,0,0,0,0,0,0,1,1,0,1
464,253,60,1,0,0,1,0,1,1,0,1,0,0,1,1,0,1,0,1,0,0,0,0,0,0,1,1,0,1,1,1,1,0,0
465,638,21,1,1,0,0,1,1,0,0,1,0,1,1,1,0,1,0,1,0,0,0,0,1,1,0,1,0,1,1,1,1,0,0
466,819,95,1,1,1,0,0,1,1,0,0,0,1,1,1,0,0,0,0,0,0,0,0,1,0,0,0,0,1,1,1,1,0,1
467,249,76,0,0,0,1,1,0,0,0,1,0,1,0,1,1,0,0,0,1,0,0,0,0,0,1,0,0,1,1,1,1,0,0
468,32,67,1,1,0,0,0,0,1,0,1,1,1,1,1,1,0,0,1,0,0,0,0,0,0,0,1,0,1,1,1,1,0,0
469,327,45,1,0,1,0,0,1,0,0,0,0,0,0,1,0,0,0,0,0,1,0,0,0,0,0,1,0,0,1,1,1,0,0
470,472,70,1,1,1,0,0,1,0,1,0,0,0,1,1,0,1,0,1,0,0,0,0,1,1,0,0,0,1,1,1,1,0,1
471,574,63,1,0,1,0,1,1,1,1,0,0,1,1,1,0,1,0,1,0,0,0,0,1,1,0,0,0,1,1,1,1,1,1
472,780,27,1,1,0,1,0,1,1,0,1,1,1,1,1,0,1,0,1,0,1,0,0,1,1,1,1,0,1,1,1,1,1,1
473,418,6,1,0,0,1,0,1,0,1,0,1,0,0,1,0,0,0,1,1,0,0,0,1,0,0,1,1,0,1,1,1,0,1
474,848,58,1,0,1,1,0,0,1,1,0,0,0,0,1,0,1,0,1,1,0,0,0,1,1,0,0,0,1,1,1,1,0,1
475,408,5,1,1,0,1,1,1,0,0,1,1,1,1,1,0,1,0,0,1,0,0,0,1,1,0,0,0,1,1,1,0,0,0
476,926,74,0,1,1,1,0,1,0,1,1,1,1,0,1,0,1,0,0,1,0,0,0,1,1,0,0,0,0,1,1,1,0,1
477,90,100,0,0,0,0,1,0,0,0,0,0,1,1,0,0,0,1,0,0,0,0,0,0,0,0,0,0,1,1,1,1,0,0
478,756,69,1,0,1,0,0,0,0,1,1,0,0,1,1,0,1,0,1,0,0,0,0,1,0,0,1,1,1,1,1,1,1,1
479,214,26,1,1,1,0,1,1,1,1,1,0,0,1,1,1,0,0,0,0,0,0,0,1,1,0,1,0,1,1,1,1,1,1
480,607,99,1,0,1,1,0,0,0,1,0,1,1,1,0,1,0,0,0,0,0,0,0,0,0,1,0,0,0,1,1,1,1,0
481,719,91,0,0,1,0,0,1,1,1,0,1,1,0,1,0,1,0,0,0,0,0,0,1,1,0,0,0,0,1,1,1,0,1
482,921,83,1,1,0,0,1,0,1,1,1,1,1,1,1,0,1,0,0,0,0,0,0,0,0,0,1,0,1,1,1,1,0,0
483,69,33,0,1,1,0,0,0,1,1,0,1,1,1,0,0,1,1,0,1,0,0,0,1,1,1,1,0,1,0,1,1,0,0
484,877,43,0,0,1,1,0,0,1,0,0,0,0,1,1,0,1,0,1,0,0,0,0,0,0,1,0,0,1,1,1,1,1,0
485,237,39,1,0,1,1,0,1,1,0,0,0,1,1,1,0,0,0,1,0,0,0,0,1,1,0,0,0,1,1,1,1,1,0
486,809,23,0,0,0,1,1,0,1,1,0,1,1,1,1,0,0,0,1,0,0,0,0,1,1,0,1,0,1,1,1,1,1,0
487,419,22,0,0,0,1,0,0,0,1,0,1,1,1,1,0,1,0,1,0,0,0,0,1,1,0,1,0,1,1,1,1,0,1
488,119,83,1,0,1,0,0,0,0,1,0,1,1,1,1,0,1,0,0,0,0,0,0,0,0,0,1,0,1,1,1,1,0,0
489,292,31,0,1,0,1,0,1,1,0,1,0,0,1,1,0,0,0,1,0,0,0,0,1,1,0,1,1,1,1,1,1,1,1
490,269,22,1,0,0,1,1,1,1,1,1,1,1,1,1,0,1,0,1,0,0,0,0,1,1,0,1,0,1,1,1,1,0,0
491,622,75,1,0,0,0,0,0,0,0,0,1,0,0,1,0,0,1,0,0,1,1,0,0,0,0,1,0,0,1,1,1,0,0
492,216,75,1,0,0,0,0,0,0,1,0,1,0,0,1,0,0,1,0,0,1,1,0,0,0,0,1,0,0,1,1,1,0,0
493,466,86,0,1,1,0,1,0,1,0,1,0,1,0,1,0,1,0,1,0,0,0,0,1,1,0,0,0,1,1,1,0,0,0
494,205,74,0,1,0,0,1,1,0,1,0,1,1,0,1,0,1,0,0,1,0,0,0,1,1,0,0,0,0,1,1,1,0,1
495,352,51,1,1,0,0,0,1,1,0,0,1,1,1,1,0,0,1,0,0,0,0,0,0,0,0,1,0,1,1,1,1,0,0
496,104,56,1,0,0,0,0,0,0,1,1,0,0,0,1,0,0,1,0,0,0,0,0,0,0,0,0,0,0,1,1,1,0,1
497,725,94,0,1,1,0,1,1,1,1,0,1,1,1,1,0,0,0,1,0,0,0,0,1,0,1,0,0,1,1,1,1,0,0
498,219,22,1,1,1,1,1,1,1,0,0,0,0,1,1,0,1,0,1,0,0,0,0,1,1,0,1,0,1,1,1,1,0,0
499,531,86,0,1,1,0,1,1,1,1,0,0,0,0,1,0,1,0,1,0,0,0,0,1,1,0,0,0,1,1,1,0,0,0
500,459,31,0,1,1,0,0,1,0,1,0,1,1,1,1,0,0,0,1,0,0,0,0,1,1,0,1,1,1,1,1,1,1,1
501,271,80,1,1,1,0,1,0,1,1,1,0,1,0,1,0,0,0,0,0,0,0,0,1,0,0,1,0,1,1,1,1,0,1
502,177,37,0,0,0,0,0,0,0,0,1,0,0,1,1,0,1,0,1,0,0,0,0,1,1,0,1,0,1,1,1,1,1,1
503,383,50,1,1,0,1,0,1,0,1,0,0,0,0,1,0,1,0,1,0,0,0,0,1,1,0,0,0,0,1,1,1,0,0
504,267,62,1,0,0,1,1,1,1,1,1,0,0,1,1,0,0,0,1,0,0,0,0,1,0,1,1,0,1,1,0,1,0,1
505,690,74,0,0,0,1,0,1,1,1,0,0,1,0,1,0,1,0,0,1,0,0,0,1,1,0,0,0,0,1,1,1,0,0
506,967,79,0,0,0,0,1,1,1,1,0,0,1,1,1,0,1,1,0,0,0,0,0,1,0,0,0,0,1,1,1,1,0,1
507,82,57,0,1,1,0,0,1,0,1,0,1,1,1,1,0,1,0,1,0,0,0,0,1,1,1,1,0,1,1,1,1,1,1
508,600,11,1,1,0,0,1,0,1,0,0,0,1,1,1,1,0,0,0,0,0,1,0,1,1,0,0,0,1,1,1,1,0,0
509,897,36,0,0,1,1,0,0,1,1,1,1,0,1,1,0,1,0,0,0,0,0,0,0,1,0,0,0,1,1,1,1,1,1
510,16,27,1,1,1,0,1,0,0,0,1,1,0,1,1,0,1,0,1,0,1,0,0,1,1,1,1,0,1,1,1,1,1,1
511,28,5,1,0,0,0,1,0,0,0,0,0,0,1,1,0,1,0,0,1,0,0,0,1,1,0,0,0,1,1,1,0,0,1
512,192,87,0,0,0,0,0,1,0,1,0,0,1,1,1,1,0,0,0,0,0,0,0,0,1,1,1,0,1,1,1,1,1,0
513,779,59,1,0,0,1,0,0,1,1,0,0,1,0,1,0,1,0,1,0,0,0,0,1,1,0,0,0,0,1,1,1,0,0
514,744,43,0,0,1,1,0,0,0,0,0,1,0,1,1,0,1,0,1,0,0,0,0,0,0,1,0,0,1,1,1,1,1,1
515,942,38,1,1,1,0,0,0,1,0,1,1,1,1,1,0,0,0,1,0,0,0,0,0,0,1,0,0,1,1,1,1,0,1
516,327,83,1,0,1,0,0,1,0,0,0,0,0,1,1,0,1,0,0,0,0,0,0,0,0,0,1,0,1,1,1,1,0,1
517,718,98,1,1,1,1,1,1,0,1,1,1,0,1,0,0,0,0,0,0,0,0,0,0,0,1,1,0,1,1,1,1,1,0
518,795,52,1,0,1,1,1,0,1,0,1,0,0,1,0,0,1,0,0,0,0,0,0,1,0,0,1,0,1,0,1,1,0,0
519,401,52,1,0,0,0,0,0,1,1,0,0,0,1,0,0,1,0,0,0,0,0,0,1,0,0,1,0,1,0,1,1,0,1
520,529,42,0,0,0,0,1,1,1,1,1,0,1,0,1,0,0,0,1,0,0,0,0,1,0,0,1,0,0,1,1,0,0,0
521,971,33,1,0,1,0,1,0,0,0,1,0,1,1,0,0,1,1,0,1,0,0,0,1,1,1,1,0,1,0,1,1,0,1
522,190,94,0,0,0,0,0,0,0,1,1,1,1,1,1,0,0,0,1,0,0,0,0,1,0,1,0,0,1,1,1,1,0,1
523,984,69,1,1,1,1,0,0,0,1,0,1,1,1,1,0,1,0,1,0,0,0,0,1,0,0,1,1,1,1,1,1,1,1
524,79,3,0,0,0,1,1,1,0,0,0,0,1,1,1,0,1,0,0,0,0,0,1,1,1,0,1,0,1,0,1,1,1,1
525,833,12,1,0,0,0,1,1,0,1,0,1,1,1,1,0,0,0,1,0,0,0,0,1,1,1,1,0,1,1,1,1,1,1
526,927,94,0,0,1,0,1,0,1,1,1,1,0,1,1,0,0,0,1,0,0,0,0,1,0,1,0,0,1,1,1,1,0,1
527,288,4,0,1,1,1,0,0,1,1,1,1,1,1,1,0,0,1,0,0,0,0,0,1,1,0,0,0,1,1,1,1,0,1
528,150,35,1,1,1,0,0,1,1,0,0,0,0,1,1,1,0,1,0,1,0,0,0,1,1,0,1,0,1,1,1,1,1,0
529,718,80,1,1,1,1,1,1,0,1,1,1,0,0,1,0,0,0,0,0,0,0,0,1,0,0,1,0,1,1,1,1,0,0
530,671,24,0,0,0,0,1,0,1,0,1,0,0,1,1,1,0,0,0,1,0,0,0,1,1,0,1,1,1,1,1,1,0,0
531,190,63,0,0,0,0,0,0,0,1,1,1,1,1,1,0,1,0,1,0,0,0,0,1,1,0,0,0,1,1,1,1,1,1
532,498,68,1,0,1,0,0,0,1,0,0,0,0,0,1,0,0,1,0,0,0,0,0,0,0,0,1,0,0,1,1,1,0,1
533,495,23,0,0,0,0,1,1,1,0,0,0,1,1,1,0,0,0,1,0,0,0,0,1,1,0,1,0,1,1,1,1,1,0
534,232,75,1,1,0,1,0,1,0,0,1,1,1,0,1,0,0,1,0,0,1,1,0,0,0,0,1,0,0,1,1,1,0,1
535,369,30,1,1,1,0,1,1,1,1,0,1,1,1,1,0,0,1,0,1,0,0,0,1,1,0,1,0,1,1,1,1,1,1
536,966,5,0,0,1,1,0,1,0,0,0,1,1,1,1,0,1,0,0,1,0,0,0,1,1,0,0,0,1,1,1,0,0,0
537,421,52,0,0,1,0,0,1,1,1,1,1,1,1,0,0,1,0,0,0,0,0,0,1,0,0,1,0,1,0,1,1,0,0
538,327,30,1,0,1,0,0,1,0,0,0,0,0,1,1,0,0,1,0,1,0,0,0,1,1,0,1,0,1,1,1,1,1,0
539,716,92,1,0,0,0,1,1,0,0,0,0,0,1,0,0,0,1,0,0,0,0,0,0,0,0,0,0,1,1,1,1,0,1
540,244,93,0,0,1,0,1,0,1,1,1,1,0,1,0,0,0,1,0,0,0,0,0,0,0,0,0,0,0,1,1,1,0,0
541,476,7,0,0,1,1,1,1,1,0,0,0,0,1,1,0,0,0,0,0,0,0,0,0,0,1,1,0,0,1,1,1,1,1
542,241,56,1,0,0,1,1,0,0,0,1,0,1,0,1,0,0,1,0,0,0,0,0,0,0,0,0,0,0,1,1,1,0,1
543,427,55,0,1,0,0,0,1,1,0,1,1,1,0,1,0,0,0,1,0,0,0,0,1,1,0,0,0,1,1,1,1,0,1
544,17,60,0,0,0,0,1,1,0,0,0,1,0,1,1,0,1,0,1,0,0,0,0,0,0,1,1,0,1,1,1,1,0,1
545,361,7,0,0,1,1,0,0,1,0,0,0,0,1,1,0,0,0,0,0,0,0,0,0,0,1,1,0,0,1,1,1,1,1
546,480,71,0,0,1,0,1,1,1,1,1,1,1,0,1,0,1,1,0,0,0,0,0,1,0,0,0,0,0,1,1,1,0,0
547,179,35,1,0,0,0,0,0,1,0,1,1,0,1,1,1,0,1,0,1,0,0,0,1,1,0,1,0,1,1,1,1,1,1
548,547,75,0,0,0,1,1,0,0,0,0,0,1,0,1,0,0,1,0,0,1,1,0,0,0,0,1,0,0,1,1,1,0,0
549,903,16,0,0,0,1,1,1,1,0,0,1,0,1,1,0,1,0,1,0,0,0,0,1,1,0,0,0,1,1,1,1,1,1
550,553,10,0,0,1,1,0,1,1,1,1,1,1,0,1,0,1,0,0,0,0,0,0,0,1,0,0,0,0,1,1,1,0,1
551,631,72,1,1,0,0,1,0,0,1,1,0,1,1,1,0,0,0,0,0,0,0,0,1,1,0,0,0,1,1,1,1,1,1
552,873,31,0,0,0,1,0,0,1,0,1,1,1,1,1,0,0,0,1,0,0,0,0,1,1,0,1,1,1,1,1,1,1,1
553,339,27,1,1,1,0,0,0,0,1,0,1,1,1,1,0,1,0,1,0,1,0,0,1,1,1,1,0,1,1,1,1,1,1
554,953,59,1,0,0,0,0,0,0,1,0,0,1,0,1,0,1,0,1,0,0,0,0,1,1,0,0,0,0,1,1,1,0,0
555,122,24,0,0,1,0,0,0,0,1,0,1,0,1,1,1,0,0,0,1,0,0,0,1,1,0,1,1,1,1,1,1,0,1
556,817,85,1,1,1,1,1,1,1,0,0,0,0,0,1,1,0,0,0,0,0,0,0,1,0,0,0,0,1,0,0,1,0,1
557,269,23,1,0,0,1,1,1,1,1,1,1,1,1,1,0,0,0,1,0,0,0,0,1,1,0,1,0,1,1,1,1,1,1
558,790,82,1,0,0,1,0,0,0,0,0,0,0,0,1,0,1,0,1,0,0,0,0,1,1,0,0,0,1,1,1,1,0,1
559,982,83,1,1,1,1,0,0,0,0,0,1,0,1,1,0,1,0,0,0,0,0,0,0,0,0,1,0,1,1,1,1,0,1
560,447,52,1,1,1,0,0,0,1,0,0,1,1,1,0,0,1,0,0,0,0,0,0,1,0,0,1,0,1,0,1,1,0,0
561,309,57,0,1,0,0,0,1,1,1,1,1,0,1,1,0,1,0,1,0,0,0,0,1,1,1,1,0,1,1,1,1,1,1
562,512,7,0,0,1,1,0,1,1,1,0,1,1,1,1,0,0,0,0,0,0,0,0,0,0,1,1,0,0,1,1,1,1,0
563,556,69,0,1,1,1,1,1,0,0,0,0,0,1,1,0,1,0,1,0,0,0,0,1,0,0,1,1,1,1,1,1,1,1
564,528,50,0,1,1,0,1,0,1,0,0,1,0,0,1,0,1,0,1,0,0,0,0,1,1,0,0,0,0,1,1,1,0,0
565,832,48,1,1,1,1,1,1,1,0,0,1,0,0,1,1,0,0,0,1,0,0,1,1,1,0,0,0,0,1,1,1,0,1
566,298,9,1,1,1,0,1,1,1,0,1,0,0,1,1,0,0,0,0,1,0,0,0,0,0,0,0,1,1,0,1,1,0,1
567,128,93,1,1,0,0,1,0,0,1,0,1,1,1,0,0,0,1,0,0,0,0,0,0,0,0,0,0,0,1,1,1,0,1
568,887,11,1,1,0,1,1,1,1,1,1,0,0,1,1,1,0,0,0,0,0,1,0,1,1,0,0,0,1,1,1,1,0,0
569,564,62,0,0,1,0,1,0,0,0,0,0,0,1,1,0,0,0,1,0,0,0,0,1,0,1,1,0,1,1,0,1,0,0
570,917,12,0,0,1,0,1,0,1,1,0,0,0,1,1,0,0,0,1,0,0,0,0,1,1,1,1,0,1,1,1,1,1,0
571,671,58,0,0,0,0,1,0,1,0,1,0,0,0,1,0,1,0,1,1,0,0,0,1,1,0,0,0,1,1,1,1,0,0
572,852,77,0,0,1,0,0,1,1,1,1,0,0,0,1,1,0,0,0,0,0,0,1,1,0,0,0,1,1,0,0,1,0,1
573,224,38,0,0,1,0,1,0,0,0,0,1,1,1,1,0,0,0,1,0,0,0,0,0,0,1,0,0,1,1,1,1,0,1
574,445,98,0,1,1,1,1,0,1,0,0,1,1,1,0,0,0,0,0,0,0,0,0,0,0,1,1,0,1,1,1,1,1,1
575,511,48,1,1,1,1,0,0,1,0,0,0,1,0,1,1,0,0,0,1,0,0,1,1,1,0,0,0,0,1,1,1,0,0
576,869,23,0,0,0,0,1,1,0,0,1,1,0,1,1,0,0,0,1,0,0,0,0,1,1,0,1,0,1,1,1,1,1,0
577,467,58,1,1,1,1,0,0,1,1,0,1,1,0,1,0,1,0,1,1,0,0,0,1,1,0,0,0,1,1,1,1,0,1
578,630,72,0,1,1,0,0,0,1,0,1,0,1,1,1,0,0,0,0,0,0,0,0,1,1,0,0,0,1,1,1,1,1,1
579,318,82,0,0,1,0,0,0,0,0,0,0,0,0,1,0,1,0,1,0,0,0,0,1,1,0,0,0,1,1,1,1,0,0
580,191,77,1,1,0,0,0,1,0,1,0,1,0,0,1,1,0,0,0,0,0,0,1,1,0,0,0,1,1,0,0,1,0,1
581,673,16,1,0,1,1,0,1,1,1,0,0,0,1,1,0,1,0,1,0,0,0,0,1,1,0,0,0,1,1,1,1,1,0
582,133,40,0,0,0,0,0,0,0,0,1,0,0,0,1,0,1,0,1,0,0,0,0,1,1,0,0,0,0,1,1,0,1,1
583,672,78,0,1,1,0,0,1,0,1,0,0,1,0,1,0,0,0,0,0,0,0,0,1,0,0,1,1,0,1,1,1,0,0
584,294,55,1,1,1,0,1,1,1,1,1,1,1,0,1,0,0,0,1,0,0,0,0,1,1,0,0,0,1,1,1,1,0,0
585,240,86,0,0,0,1,0,0,1,0,0,1,0,0,1,0,1,0,1,0,0,0,0,1,1,0,0,0,1,1,1,0,0,1
586,749,62,0,1,1,0,1,1,0,0,1,1,1,1,1,0,0,0,1,0,0,0,0,1,0,1,1,0,1,1,0,1,0,0
587,488,99,0,1,0,1,1,0,1,1,1,0,1,1,0,1,0,0,0,0,0,0,0,0,0,1,0,0,0,1,1,1,1,0
588,715,29,0,0,0,1,0,1,1,0,1,0,1,0,1,0,1,0,1,0,0,0,0,1,1,0,0,0,1,1,1,1,0,0
589,791,21,0,1,0,0,1,0,1,0,1,0,1,1,1,0,1,0,1,0,0,0,0,1,1,0,1,0,1,1,1,1,0,0
590,223,37,1,0,0,0,0,0,1,1,1,0,0,1,1,0,1,0,1,0,0,0,0,1,1,0,1,0,1,1,1,1,1,0
591,292,82,0,1,0,1,0,1,1,0,1,0,0,0,1,0,1,0,1,0,0,0,0,1,1,0,0,0,1,1,1,1,0,1
592,537,74,1,1,1,1,1,1,0,1,0,0,1,0,1,0,1,0,0,1,0,0,0,1,1,0,0,0,0,1,1,1,0,1
593,527,15,0,1,0,1,1,0,0,0,1,1,0,1,1,1,1,0,0,0,0,0,0,0,1,0,0,0,1,1,1,1,0,1
594,413,25,1,1,0,0,1,0,1,1,1,0,0,1,1,0,1,1,0,0,0,0,0,1,1,0,1,1,1,1,1,1,1,1
595,398,52,0,0,0,1,0,1,1,1,0,1,1,1,0,0,1,0,0,0,0,0,0,1,0,0,1,0,1,0,1,1,0,1
596,154,94,0,0,1,0,1,1,1,1,0,0,0,1,1,0,0,0,1,0,0,0,0,1,0,1,0,0,1,1,1,1,0,1
597,95,18,1,0,0,1,1,0,1,0,1,0,1,0,1,0,0,0,1,0,0,0,0,1,1,0,1,0,0,1,1,1,0,1
598,478,74,0,0,0,1,0,0,0,0,0,0,1,0,1,0,1,0,0,1,0,0,0,1,1,0,0,0,0,1,1,1,0,1
599,985,74,1,1,0,1,1,0,1,0,0,1,1,0,1,0,1,0,0,1,0,0,0,1,1,0,0,0,0,1,1,1,0,1
600,253,4,1,0,0,1,0,1,1,0,1,0,0,1,1,0,0,1,0,0,0,0,0,1,1,0,0,0,1,1,1,1,0,0
601,61,18,1,1,1,0,1,0,1,1,0,1,1,0,1,0,0,0,1,0,0,0,0,1,1,0,1,0,0,1,1,1,0,0
602,188,39,1,1,0,0,0,0,1,0,1,1,0,1,1,0,0,0,1,0,0,0,0,1,1,0,0,0,1,1,1,1,1,1
603,839,12,1,1,0,1,0,0,1,0,0,1,1,1,1,0,0,0,1,0,0,0,0,1,1,1,1,0,1,1,1,1,1,0
604,153,17,0,1,0,0,0,1,0,0,0,1,0,1,1,1,0,0,0,0,0,0,0,1,1,0,1,0,1,1,1,1,0,1
605,157,33,0,1,0,1,0,0,0,1,1,1,1,1,0,0,1,1,0,1,0,0,0,1,1,1,1,0,1,0,1,1,0,0
606,210,18,1,0,1,0,0,1,0,0,0,1,1,0,1,0,0,0,1,0,0,0,0,1,1,0,1,0,0,1,1,1,0,1
607,714,87,0,0,1,1,0,1,0,1,1,0,1,1,1,1,0,0,0,0,0,0,0,0,1,1,1,0,1,1,1,1,1,1
608,607,29,1,0,1,1,0,0,0,1,0,1,1,0,1,0,1,0,1,0,0,0,0,1,1,0,0,0,1,1,1,1,0,0
609,775,31,1,0,0,1,1,0,0,1,0,1,1,1,1,0,0,0,1,0,0,0,0,1,1,0,1,1,1,1,1,1,1,0
610,306,62,1,1,0,1,1,1,0,0,1,0,0,1,1,0,0,0,1,0,0,0,0,1,0,1,1,0,1,1,0,1,0,0
611,441,5,1,1,1,1,0,1,0,1,0,0,0,1,1,0,1,0,0,1,0,0,0,1,1,0,0,0,1,1,1,0,0,1
612,106,49,0,0,0,1,1,0,0,0,1,0,1,1,1,0,1,0,1,0,0,0,0,1,0,0,1,0,1,1,1,1,0,0
613,178,47,1,0,0,1,1,1,1,0,0,1,1,1,1,0,1,0,1,0,0,0,0,0,0,1,1,0,1,1,1,1,1,1
614,177,6,0,0,0,0,0,0,0,0,1,0,0,0,1,0,0,0,1,1,0,0,0,1,0,0,1,1,0,1,1,1,0,1
615,619,73,0,0,1,0,1,1,0,0,1,1,1,1,1,0,1,0,0,0,0,0,0,1,1,0,0,0,1,1,1,1,0,1
616,402,44,1,1,1,0,0,1,1,1,1,0,0,0,1,0,1,0,1,0,0,0,0,1,1,0,0,0,1,1,1,1,0,1
617,889,5,0,0,1,1,1,0,1,1,1,0,1,1,1,0,1,0,0,1,0,0,0,1,1,0,0,0,1,1,1,0,0,1
618,124,85,0,1,1,0,0,0,0,1,0,0,0,0,1,1,0,0,0,0,0,0,0,1,0,0,0,0,1,0,0,1,0,0
619,944,29,0,0,1,1,1,1,0,1,1,1,0,0,1,0,1,0,1,0,0,0,0,1,1,0,0,0,1,1,1,1,0,1
620,807,28,0,1,1,0,1,1,0,0,0,0,1,1,1,1,0,1,0,0,0,0,0,1,1,0,0,0,1,1,1,1,0,1
621,48,71,1,0,1,1,0,1,0,1,1,0,0,0,1,0,1,1,0,0,0,0,0,1,0,0,0,0,0,1,1,1,0,0
622,524,77,0,1,0,1,1,0,0,0,0,1,1,0,1,1,0,0,0,0,0,0,1,1,0,0,0,1,1,0,0,1,0,0
623,947,75,1,1,1,0,0,1,1,1,1,0,1,0,1,0,0,1,0,0,1,1,0,0,0,0,1,0,0,1,1,1,0,0
624,317,75,1,1,0,1,1,0,1,1,1,0,0,0,1,0,0,1,0,0,1,1,0,0,0,0,1,0,0,1,1,1,0,1
625,654,19,1,1,0,1,1,0,0,1,0,0,0,1,1,0,0,1,1,0,0,0,0,1,1,0,0,0,1,1,1,1,0,1
626,566,38,1,0,1,1,0,1,0,0,1,0,1,1,1,0,0,0,1,0,0,0,0,0,0,1,0,0,1,1,1,1,0,1
627,528,99,0,1,1,0,1,0,1,0,0,1,0,1,0,1,0,0,0,0,0,0,0,0,0,1,0,0,0,1,1,1,1,0
628,1,7,0,1,0,1,1,1,1,0,0,1,1,1,1,0,0,0,0,0,0,0,0,0,0,1,1,0,0,1,1,1,1,1
629,682,51,0,1,1,1,1,0,1,1,0,1,1,1,1,0,0,1,0,0,0,0,0,0,0,0,1,0,1,1,1,1,0,0
630,942,83,1,1,1,0,0,0,1,0,1,1,1,1,1,0,1,0,0,0,0,0,0,0,0,0,1,0,1,1,1,1,0,0
631,787,51,0,1,0,1,1,1,1,0,0,0,1,1,1,0,0,1,0,0,0,0,0,0,0,0,1,0,1,1,1,1,0,0
632,363,16,0,0,0,1,0,0,1,0,0,0,1,1,1,0,1,0,1,0,0,0,0,1,1,0,0,0,1,1,1,1,1,0
633,80,84,0,1,0,0,1,1,1,1,0,1,0,1,0,0,0,0,0,0,0,0,1,1,0,1,1,0,0,1,1,1,0,0
634,953,29,1,0,0,0,0,0,0,1,0,0,1,0,1,0,1,0,1,0,0,0,0,1,1,0,0,0,1,1,1,1,0,1
635,276,51,0,1,0,1,0,0,0,1,1,1,1,1,1,0,0,1,0,0,0,0,0,0,0,0,1,0,1,1,1,1,0,0
636,89,49,0,1,1,0,1,0,1,1,0,1,1,1,1,0,1,0,1,0,0,0,0,1,0,0,1,0,1,1,1,1,0,0
637,403,9,1,1,1,1,1,1,1,1,0,0,0,1,1,0,0,0,0,1,0,0,0,0,0,0,0,1,1,0,1,1,0,1
638,967,26,0,0,0,0,1,1,1,1,0,0,1,1,1,1,0,0,0,0,0,0,0,1,1,0,1,0,1,1,1,1,1,1
639,768,69,0,1,0,0,1,0,0,1,0,1,0,1,1,0,1,0,1,0,0,0,0,1,0,0,1,1,1,1,1,1,1,0
640,616,33,0,1,0,1,1,0,1,0,0,0,1,1,0,0,1,1,0,1,0,0,0,1,1,1,1,0,1,0,1,1,0,1
641,653,83,0,1,0,0,1,0,1,1,0,0,0,1,1,0,1,0,0,0,0,0,0,0,0,0,1,0,1,1,1,1,0,1
642,586,95,1,0,1,0,0,0,1,0,0,1,0,1,1,0,0,0,0,0,0,0,0,1,0,0,0,0,1,1,1,1,0,0
643,451,18,1,0,0,0,0,1,0,1,0,0,1,0,1,0,0,0,1,0,0,0,0,1,1,0,1,0,0,1,1,1,0,1
644,456,76,1,0,0,0,0,1,0,1,0,1,1,0,1,1,0,0,0,1,0,0,0,0,0,1,0,0,1,1,1,1,0,1
645,921,10,1,1,0,0,1,0,1,1,1,1,1,0,1,0,1,0,0,0,0,0,0,0,1,0,0,0,0,1,1,1,0,0
646,776,51,1,0,1,0,0,0,1,0,0,0,0,1,1,0,0,1,0,0,0,0,0,0,0,0,1,0,1,1,1,1,0,1
647,894,7,1,0,0,1,1,1,1,1,1,0,1,1,1,0,0,0,0,0,0,0,0,0,0,1,1,0,0,1,1,1,1,0
648,430,39,0,1,0,1,1,1,0,1,0,0,1,1,1,0,0,0,1,0,0,0,0,1,1,0,0,0,1,1,1,1,1,1
649,959,25,0,0,1,0,0,1,1,1,1,0,0,1,1,0,1,1,0,0,0,0,0,1,1,0,1,1,1,1,1,1,1,1
650,358,10,0,0,1,0,1,1,0,1,1,1,1,0,1,0,1,0,0,0,0,0,0,0,1,0,0,0,0,1,1,1,0,1
651,184,29,0,0,1,0,1,1,0,0,0,1,0,0,1,0,1,0,1,0,0,0,0,1,1,0,0,0,1,1,1,1,0,1
652,845,92,1,0,0,0,1,0,1,0,0,1,0,1,0,0,0,1,0,0,0,0,0,0,0,0,0,0,1,1,1,1,0,1
653,808,86,0,0,0,1,0,0,1,0,1,0,0,0,1,0,1,0,1,0,0,0,0,1,1,0,0,0,1,1,1,0,0,1
654,139,101,1,0,0,1,1,0,1,1,1,0,1,1,1,1,0,1,0,0,0,0,0,0,0,0,0,0,1,1,1,1,0,0
655,812,35,0,0,0,0,0,0,0,0,1,1,1,1,1,1,0,1,0,1,0,0,0,1,1,0,1,0,1,1,1,1,1,0
656,825,58,0,0,1,0,1,0,1,1,1,1,1,0,1,0,1,0,1,1,0,0,0,1,1,0,0,0,1,1,1,1,0,0
657,442,96,0,0,0,1,0,0,1,1,1,1,1,1,1,0,1,0,1,0,0,0,0,1,1,1,0,0,0,1,1,1,0,1
658,540,3,0,0,0,0,1,0,0,0,0,1,0,1,1,0,1,0,0,0,0,0,1,1,1,0,1,0,1,0,1,1,1,0
659,826,100,1,0,1,0,1,1,1,1,1,0,1,1,0,0,0,1,0,0,0,0,0,0,0,0,0,0,1,1,1,1,0,1
660,5,88,0,0,1,1,0,1,0,1,0,1,0,1,1,0,0,1,0,0,0,0,0,0,0,0,0,0,0,0,1,1,0,0
661,708,90,0,0,0,1,1,0,0,1,0,1,1,0,1,0,1,0,1,0,0,0,0,0,0,0,0,0,0,1,1,1,0,0
662,691,39,1,1,1,1,1,1,0,0,0,0,1,1,1,0,0,0,1,0,0,0,0,1,1,0,0,0,1,1,1,1,1,0
663,895,47,0,0,1,1,1,1,0,1,1,1,0,1,1,0,1,0,1,0,0,0,0,0,0,1,1,0,1,1,1,1,1,1
664,371,26,0,1,1,1,0,0,1,1,0,1,0,1,1,1,0,0,0,0,0,0,0,1,1,0,1,0,1,1,1,1,1,1
665,970,24,1,1,1,0,1,1,0,0,1,1,0,1,1,1,0,0,0,1,0,0,0,1,1,0,1,1,1,1,1,1,0,0
666,30,26,1,1,0,0,1,0,1,0,1,1,1,1,1,1,0,0,0,0,0,0,0,1,1,0,1,0,1,1,1,1,1,0
667,180,53,1,0,1,1,0,0,0,0,1,1,1,1,1,0,1,0,1,0,0,0,0,1,1,0,0,0,1,1,1,1,0,1
668,647,3,1,0,1,1,1,0,1,0,1,1,1,1,1,0,1,0,0,0,0,0,1,1,1,0,1,0,1,0,1,1,1,1
669,878,62,0,1,1,1,1,1,0,0,1,0,0,1,1,0,0,0,1,0,0,0,0,1,0,1,1,0,1,1,0,1,0,0
670,799,96,1,0,1,0,0,0,0,0,1,0,1,1,1,0,1,0,1,0,0,0,0,1,1,1,0,0,0,1,1,1,0,0
671,735,85,0,1,1,1,1,0,1,1,0,1,1,0,1,1,0,0,0,0,0,0,0,1,0,0,0,0,1,0,0,1,0,1
672,293,71,0,1,0,1,1,0,0,0,0,0,1,0,1,0,1,1,0,0,0,0,0,1,0,0,0,0,0,1,1,1,0,1
673,17,40,0,0,0,0,1,1,0,0,0,1,0,0,1,0,1,0,1,0,0,0,0,1,1,0,0,0,0,1,1,0,1,0
674,873,9,0,0,0,1,0,0,1,0,1,1,1,1,1,0,0,0,0,1,0,0,0,0,0,0,0,1,1,0,1,1,0,0
675,61,44,1,1,1,0,1,0,1,1,0,1,1,0,1,0,1,0,1,0,0,0,0,1,1,0,0,0,1,1,1,1,0,1
676,628,10,0,1,0,0,1,0,1,0,1,0,1,0,1,0,1,0,0,0,0,0,0,0,1,0,0,0,0,1,1,1,0,1
677,981,96,0,0,0,1,1,0,1,0,0,1,1,1,1,0,1,0,1,0,0,0,0,1,1,1,0,0,0,1,1,1,0,0
678,967,50,0,0,0,0,1,1,1,1,0,0,1,0,1,0,1,0,1,0,0,0,0,1,1,0,0,0,0,1,1,1,0,0
679,277,64,1,1,1,0,1,0,0,0,0,0,1,0,1,0,1,0,1,0,0,0,0,0,0,0,0,0,0,1,1,1,0,1
680,787,2,0,1,0,1,1,1,1,0,0,0,1,1,1,0,1,0,1,0,0,0,0,1,1,0,0,0,1,1,1,1,0,0
681,831,47,0,0,0,0,0,0,0,1,0,0,1,1,1,0,1,0,1,0,0,0,0,0,0,1,1,0,1,1,1,1,1,0
682,130,7,1,1,1,0,0,0,0,0,0,0,1,1,1,0,0,0,0,0,0,0,0,0,0,1,1,0,0,1,1,1,1,1
683,395,94,0,0,0,1,0,0,1,0,0,1,1,1,1,0,0,0,1,0,0,0,0,1,0,1,0,0,1,1,1,1,0,1
684,985,30,1,1,0,1,1,0,1,0,0,1,1,1,1,0,0,1,0,1,0,0,0,1,1,0,1,0,1,1,1,1,1,1
685,552,56,1,0,1,1,1,1,0,0,1,1,1,0,1,0,0,1,0,0,0,0,0,0,0,0,0,0,0,1,1,1,0,0
686,381,100,1,0,1,0,1,1,1,1,0,0,1,1,0,0,0,1,0,0,0,0,0,0,0,0,0,0,1,1,1,1,0,0
687,126,97,1,1,1,0,1,0,0,0,0,0,1,0,1,0,0,0,1,0,0,0,0,1,0,0,1,0,0,1,0,1,0,1
688,667,98,1,1,1,0,1,0,1,1,0,1,0,1,0,0,0,0,0,0,0,0,0,0,0,1,1,0,1,1,1,1,1,1
689,398,47,0,0,0,1,0,1,1,1,0,1,1,1,1,0,1,0,1,0,0,0,0,0,0,1,1,0,1,1,1,1,1,1
690,250,91,0,0,1,0,1,1,1,0,0,1,0,0,1,0,1,0,0,0,0,0,0,1,1,0,0,0,0,1,1,1,0,1
691,968,53,1,1,1,1,0,1,0,0,0,0,1,1,1,0,1,0,1,0,0,0,0,1,1,0,0,0,1,1,1,1,0,0
692,812,14,0,0,0,0,0,0,0,0,1,1,1,1,0,0,0,0,1,0,0,0,0,0,0,1,1,0,1,0,1,1,1,1
693,614,10,0,1,0,0,1,1,1,0,0,0,0,0,1,0,1,0,0,0,0,0,0,0,1,0,0,0,0,1,1,1,0,1
694,425,69,0,1,1,0,1,0,1,0,0,0,0,1,1,0,1,0,1,0,0,0,0,1,0,0,1,1,1,1,1,1,1,0
695,479,72,0,1,0,1,0,0,0,0,1,1,1,1,1,0,0,0,0,0,0,0,0,1,1,0,0,0,1,1,1,1,1,0
696,49,38,0,1,1,0,1,0,0,1,1,1,1,1,1,0,0,0,1,0,0,0,0,0,0,1,0,0,1,1,1,1,0,0
697,55,18,1,1,0,1,0,0,1,1,0,1,1,0,1,0,0,0,1,0,0,0,0,1,1,0,1,0,0,1,1,1,0,1
698,388,47,0,0,1,1,0,0,1,1,0,0,1,1,1,0,1,0,1,0,0,0,0,0,0,1,1,0,1,1,1,1,1,1
699,935,65,0,1,1,1,1,0,0,1,1,0,1,1,1,0,1,0,0,0,0,0,0,0,0,0,1,0,1,1,1,1,1,0
700,413,50,1,1,0,0,1,0,1,1,1,0,0,0,1,0,1,0,1,0,0,0,0,1,1,0,0,0,0,1,1,1,0,0
701,694,40,0,0,1,1,1,1,0,0,1,1,1,0,1,0,1,0,1,0,0,0,0,1,1,0,0,0,0,1,1,0,1,1
702,336,34,0,0,1,1,1,0,1,1,1,0,1,0,1,1,1,0,0,1,0,0,0,1,1,0,1,0,1,1,1,1,0,1
703,777,26,1,1,0,1,0,1,0,0,0,1,0,1,1,1,0,0,0,0,0,0,0,1,1,0,1,0,1,1,1,1,1,0
704,829,68,1,0,1,0,0,0,1,0,0,0,0,0,1,0,0,1,0,0,0,0,0,0,0,0,1,0,0,1,1,1,0,1
705,54,93,0,1,1,0,1,0,0,0,1,1,0,1,0,0,0,1,0,0,0,0,0,0,0,0,0,0,0,1,1,1,0,0
706,428,12,1,1,1,0,0,1,0,1,0,1,1,1,1,0,0,0,1,0,0,0,0,1,1,1,1,0,1,1,1,1,1,1
707,629,80,1,1,1,0,0,1,0,1,1,0,1,0,1,0,0,0,0,0,0,0,0,1,0,0,1,0,1,1,1,1,0,0
708,341,51,1,0,1,0,1,0,0,0,1,1,0,1,1,0,0,1,0,0,0,0,0,0,0,0,1,0,1,1,1,1,0,0
709,232,47,1,1,0,1,0,1,0,0,1,1,1,1,1,0,1,0,1,0,0,0,0,0,0,1,1,0,1,1,1,1,1,0
710,744,9,0,0,1,1,0,0,0,0,0,1,0,1,1,0,0,0,0,1,0,0,0,0,0,0,0,1,1,0,1,1,0,1
711,443,42,1,1,0,0,0,1,0,0,0,0,1,0,1,0,0,0,1,0,0,0,0,1,0,0,1,0,0,1,1,0,0,0
712,739,59,0,1,0,1,0,0,1,1,0,0,0,0,1,0,1,0,1,0,0,0,0,1,1,0,0,0,0,1,1,1,0,0
713,451,99,1,0,0,0,0,1,0,1,0,0,1,1,0,1,0,0,0,0,0,0,0,0,0,1,0,0,0,1,1,1,1,1
714,315,33,1,0,1,1,0,0,0,0,1,1,1,1,0,0,1,1,0,1,0,0,0,1,1,1,1,0,1,0,1,1,0,0
715,114,43,0,1,1,0,1,1,1,1,0,1,1,1,1,0,1,0,1,0,0,0,0,0,0,1,0,0,1,1,1,1,1,0
716,113,63,1,0,1,1,1,1,1,0,1,0,0,1,1,0,1,0,1,0,0,0,0,1,1,0,0,0,1,1,1,1,1,1
717,434,99,0,0,0,1,0,1,0,0,1,1,0,1,0,1,0,0,0,0,0,0,0,0,0,1,0,0,0,1,1,1,1,1
718,707,73,0,0,1,1,1,0,1,0,0,1,1,1,1,0,1,0,0,0,0,0,0,1,1,0,0,0,1,1,1,1,0,0
719,251,26,0,0,1,0,1,1,1,0,0,0,1,1,1,1,0,0,0,0,0,0,0,1,1,0,1,0,1,1,1,1,1,1
720,486,3,1,0,0,1,0,1,0,0,1,0,1,1,1,0,1,0,0,0,0,0,1,1,1,0,1,0,1,0,1,1,1,1
721,190,95,0,0,0,0,0,0,0,1,1,1,1,1,1,0,0,0,0,0,0,0,0,1,0,0,0,0,1,1,1,1,0,0
722,877,15,0,0,1,1,0,0,1,0,0,0,0,1,1,1,1,0,0,0,0,0,0,0,1,0,0,0,1,1,1,1,0,1
723,124,77,0,1,1,0,0,0,0,1,0,0,0,0,1,1,0,0,0,0,0,0,1,1,0,0,0,1,1,0,0,1,0,1
724,111,100,0,1,1,0,1,1,1,1,0,0,1,1,0,0,0,1,0,0,0,0,0,0,0,0,0,0,1,1,1,1,0,1
725,923,53,1,0,1,0,0,1,1,0,1,0,0,1,1,0,1,0,1,0,0,0,0,1,1,0,0,0,1,1,1,1,0,1
726,897,63,0,0,1,1,0,0,1,1,1,1,0,1,1,0,1,0,1,0,0,0,0,1,1,0,0,0,1,1,1,1,1,1
727,561,79,0,0,0,1,0,1,0,1,1,0,0,1,1,0,1,1,0,0,0,0,0,1,0,0,0,0,1,1,1,1,0,0
728,429,86,1,0,1,0,0,1,0,0,0,1,0,0,1,0,1,0,1,0,0,0,0,1,1,0,0,0,1,1,1,0,0,1
729,127,68,0,0,1,0,1,0,1,1,0,0,1,0,1,0,0,1,0,0,0,0,0,0,0,0,1,0,0,1,1,1,0,0
730,441,48,1,1,1,1,0,1,0,1,0,0,0,0,1,1,0,0,0,1,0,0,1,1,1,0,0,0,0,1,1,1,0,1
731,742,100,0,1,1,0,0,0,0,1,0,1,0,1,0,0,0,1,0,0,0,0,0,0,0,0,0,0,1,1,1,1,0,0
732,311,61,1,0,1,0,0,0,0,0,0,0,1,0,1,0,1,0,1,0,0,0,0,0,0,0,1,0,0,1,1,1,0,1
733,253,66,1,0,0,1,0,1,1,0,1,0,0,0,1,0,1,0,1,0,0,0,0,0,0,0,0,0,0,1,1,1,0,1
734,660,71,1,1,1,0,1,0,1,1,1,1,1,0,1,0,1,1,0,0,0,0,0,1,0,0,0,0,0,1,1,1,0,0
735,556,42,0,1,1,1,1,1,0,0,0,0,0,0,1,0,0,0,1,0,0,0,0,1,0,0,1,0,0,1,1,0,0,1
736,987,70,0,0,0,1,1,0,0,0,0,1,1,1,1,0,1,0,1,0,0,0,0,1,1,0,0,0,1,1,1,1,0,1
737,485,80,1,1,0,1,0,0,1,0,1,1,0,0,1,0,0,0,0,0,0,0,0,1,0,0,1,0,1,1,1,1,0,0
738,420,77,0,0,1,1,0,1,1,0,0,0,0,0,1,1,0,0,0,0,0,0,1,1,0,0,0,1,1,0,0,1,0,1
739,98,78,1,1,0,0,0,0,0,1,1,1,0,0,1,0,0,0,0,0,0,0,0,1,0,0,1,1,0,1,1,1,0,1
740,84,31,1,1,1,0,0,1,0,1,1,1,1,1,1,0,0,0,1,0,0,0,0,1,1,0,1,1,1,1,1,1,1,0
741,598,59,1,1,0,1,1,1,1,0,0,1,0,0,1,0,1,0,1,0,0,0,0,1,1,0,0,0,0,1,1,1,0,1
742,527,83,0,1,0,1,1,0,0,0,1,1,0,1,1,0,1,0,0,0,0,0,0,0,0,0,1,0,1,1,1,1,0,1
743,474,97,1,1,1,0,1,1,1,1,0,0,0,0,1,0,0,0,1,0,0,0,0,1,0,0,1,0,0,1,0,1,0,1
744,911,52,0,1,0,1,1,1,1,0,0,1,1,1,0,0,1,0,0,0,0,0,0,1,0,0,1,0,1,0,1,1,0,1
745,540,14,0,0,0,0,1,0,0,0,0,1,0,1,0,0,0,0,1,0,0,0,0,0,0,1,1,0,1,0,1,1,1,1
746,400,68,1,0,1,0,1,0,1,1,0,1,1,0,1,0,0,1,0,0,0,0,0,0,0,0,1,0,0,1,1,1,0,0
747,522,92,0,1,1,0,1,1,0,1,1,1,0,1,0,0,0,1,0,0,0,0,0,0,0,0,0,0,1,1,1,1,0,1
748,38,39,0,0,0,0,0,0,0,0,0,0,0,1,1,0,0,0,1,0,0,0,0,1,1,0,0,0,1,1,1,1,1,1
749,921,20,1,1,0,0,1,0,1,1,1,1,1,1,1,0,1,0,1,1,0,1,0,1,1,0,1,0,1,1,1,1,0,0
750,547,78,0,0,0,1,1,0,0,0,0,0,1,0,1,0,0,0,0,0,0,0,0,1,0,0,1,1,0,1,1,1,0,0
751,520,37,1,1,1,0,0,0,0,1,1,1,1,1,1,0,1,0,1,0,0,0,0,1,1,0,1,0,1,1,1,1,1,1
752,123,20,0,1,1,1,0,1,0,1,1,0,1,1,1,0,1,0,1,1,0,1,0,1,1,0,1,0,1,1,1,1,0,0
753,109,32,0,0,0,1,0,0,1,1,1,1,0,0,1,0,0,0,1,1,0,0,0,0,0,0,0,1,1,0,0,1,0,1
754,407,11,1,1,0,1,1,0,0,1,1,1,0,1,1,1,0,0,0,0,0,1,0,1,1,0,0,0,1,1,1,1,0,1
755,498,60,1,0,1,0,0,0,1,0,0,0,0,1,1,0,1,0,1,0,0,0,0,0,0,1,1,0,1,1,1,1,0,0
756,352,32,1,1,0,0,0,1,1,0,0,1,1,0,1,0,0,0,1,1,0,0,0,0,0,0,0,1,1,0,0,1,0,0
757,816,68,1,0,1,0,1,0,1,1,0,0,0,0,1,0,0,1,0,0,0,0,0,0,0,0,1,0,0,1,1,1,0,1
758,780,72,1,1,0,1,0,1,1,0,1,1,1,1,1,0,0,0,0,0,0,0,0,1,1,0,0,0,1,1,1,1,1,1
759,910,53,1,1,1,0,1,1,0,1,1,1,1,1,1,0,1,0,1,0,0,0,0,1,1,0,0,0,1,1,1,1,0,1
760,869,47,0,0,0,0,1,1,0,0,1,1,0,1,1,0,1,0,1,0,0,0,0,0,0,1,1,0,1,1,1,1,1,1
761,696,39,0,1,1,1,0,1,0,0,0,1,0,1,1,0,0,0,1,0,0,0,0,1,1,0,0,0,1,1,1,1,1,1
762,325,23,0,0,0,0,1,1,0,0,1,1,0,1,1,0,0,0,1,0,0,0,0,1,1,0,1,0,1,1,1,1,1,0
763,641,66,1,0,1,1,0,0,1,0,1,1,0,0,1,0,1,0,1,0,0,0,0,0,0,0,0,0,0,1,1,1,0,1
764,461,102,1,0,1,1,1,1,0,0,1,0,1,0,1,1,1,0,0,0,0,0,0,1,1,0,0,0,0,1,1,1,0,0
765,734,61,0,0,0,1,0,1,1,1,1,0,1,0,1,0,1,0,1,0,0,0,0,0,0,0,1,0,0,1,1,1,0,1
766,471,60,1,1,0,0,1,1,1,1,0,1,0,1,1,0,1,0,1,0,0,0,0,0,0,1,1,0,1,1,1,1,0,0
767,226,92,1,1,0,1,0,0,1,0,0,0,1,1,0,0,0,1,0,0,0,0,0,0,0,0,0,0,1,1,1,1,0,0
768,620,100,1,0,0,0,1,0,1,0,1,1,0,1,0,0,0,1,0,0,0,0,0,0,0,0,0,0,1,1,1,1,0,0
769,270,24,0,0,0,1,1,0,0,1,1,0,1,1,1,1,0,0,0,1,0,0,0,1,1,0,1,1,1,1,1,1,0,1
770,67,63,0,0,0,0,0,0,1,1,1,0,1,1,1,0,1,0,1,0,0,0,0,1,1,0,0,0,1,1,1,1,1,0
771,388,56,0,0,1,1,0,0,1,1,0,0,1,0,1,0,0,1,0,0,0,0,0,0,0,0,0,0,0,1,1,1,0,0
772,883,47,0,1,1,0,1,1,1,0,1,0,1,1,1,0,1,0,1,0,0,0,0,0,0,1,1,0,1,1,1,1,1,0
773,178,86,1,0,0,1,1,1,1,0,0,1,1,0,1,0,1,0,1,0,0,0,0,1,1,0,0,0,1,1,1,0,0,1
774,101,11,1,1,1,1,0,0,1,1,1,0,0,1,1,1,0,0,0,0,0,1,0,1,1,0,0,0,1,1,1,1,0,0
775,167,74,1,0,0,0,0,0,0,0,0,1,1,0,1,0,1,0,0,1,0,0,0,1,1,0,0,0,0,1,1,1,0,1
776,346,35,0,0,0,0,1,1,1,0,0,0,0,1,1,1,0,1,0,1,0,0,0,1,1,0,1,0,1,1,1,1,1,1
777,301,42,0,1,0,0,0,1,0,0,0,0,0,0,1,0,0,0,1,0,0,0,0,1,0,0,1,0,0,1,1,0,0,0
778,725,73,0,1,1,0,1,1,1,1,0,1,1,1,1,0,1,0,0,0,0,0,0,1,1,0,0,0,1,1,1,1,0,1
779,283,28,0,0,0,1,1,1,1,0,1,1,1,1,1,1,0,1,0,0,0,0,0,1,1,0,0,0,1,1,1,1,0,0
780,326,95,0,1,1,0,0,1,1,1,1,0,0,1,1,0,0,0,0,0,0,0,0,1,0,0,0,0,1,1,1,1,0,1
781,66,26,1,1,0,1,1,1,1,0,0,0,0,1,1,1,0,0,0,0,0,0,0,1,1,0,1,0,1,1,1,1,1,0
782,698,1,1,1,0,1,0,1,0,0,1,1,1,1,1,1,0,0,0,1,0,0,0,1,1,0,0,0,1,1,1,1,0,1
783,946,14,0,1,1,0,1,1,0,0,1,1,0,1,0,0,0,0,1,0,0,0,0,0,0,1,1,0,1,0,1,1,1,0
784,789,42,1,1,0,1,1,0,1,1,1,0,0,0,1,0,0,0,1,0,0,0,0,1,0,0,1,0,0,1,1,0,0,0
785,114,23,0,1,1,0,1,1,1,1,0,1,1,1,1,0,0,0,1,0,0,0,0,1,1,0,1,0,1,1,1,1,1,0
786,887,10,1,1,0,1,1,1,1,1,1,0,0,0,1,0,1,0,0,0,0,0,0,0,1,0,0,0,0,1,1,1,0,0
787,905,33,1,1,0,0,1,0,1,1,0,1,0,1,0,0,1,1,0,1,0,0,0,1,1,1,1,0,1,0,1,1,0,1
788,539,76,1,1,1,1,0,1,1,1,0,0,0,0,1,1,0,0,0,1,0,0,0,0,0,1,0,0,1,1,1,1,0,1
789,542,101,0,0,1,1,1,1,1,1,0,1,0,1,1,1,0,1,0,0,0,0,0,0,0,0,0,0,1,1,1,1,0,0
790,125,96,1,1,0,0,1,0,1,0,0,0,0,1,1,0,1,0,1,0,0,0,0,1,1,1,0,0,0,1,1,1,0,1
791,298,26,1,1,1,0,1,1,1,0,1,0,0,1,1,1,0,0,0,0,0,0,0,1,1,0,1,0,1,1,1,1,1,1
792,472,4,1,1,1,0,0,1,0,1,0,0,0,1,1,0,0,1,0,0,0,0,0,1,1,0,0,0,1,1,1,1,0,1
793,275,42,1,1,0,1,1,1,0,1,1,1,1,0,1,0,0,0,1,0,0,0,0,1,0,0,1,0,0,1,1,0,0,0
794,454,23,0,0,1,1,0,1,1,1,0,1,1,1,1,0,0,0,1,0,0,0,0,1,1,0,1,0,1,1,1,1,1,1
795,531,17,0,1,1,0,1,1,1,1,0,0,0,1,1,1,0,0,0,0,0,0,0,1,1,0,1,0,1,1,1,1,0,1
796,246,44,1,1,1,1,1,1,0,1,0,1,0,0,1,0,1,0,1,0,0,0,0,1,1,0,0,0,1,1,1,1,0,1
797,953,14,1,0,0,0,0,0,0,1,0,0,1,1,0,0,0,0,1,0,0,0,0,0,0,1,1,0,1,0,1,1,1,0
798,971,21,1,0,1,0,1,0,0,0,1,0,1,1,1,0,1,0,1,0,0,0,0,1,1,0,1,0,1,1,1,1,0,0
799,618,46,0,0,0,1,0,1,1,0,1,1,0,0,1,0,1,0,1,0,0,0,0,1,1,0,0,0,1,1,0,1,0,0
800,836,33,1,0,1,0,1,1,0,1,1,0,0,1,0,0,1,1,0,1,0,0,0,1,1,1,1,0,1,0,1,1,0,1
801,31,81,1,1,1,0,0,1,1,0,0,0,1,1,1,1,0,0,0,0,0,0,0,1,0,0,1,1,1,1,1,1,0,1
802,93,79,1,0,0,1,1,1,0,0,0,1,1,1,1,0,1,1,0,0,0,0,0,1,0,0,0,0,1,1,1,1,0,0
803,884,29,0,1,1,0,0,1,1,0,1,1,0,0,1,0,1,0,1,0,0,0,0,1,1,0,0,0,1,1,1,1,0,0
804,398,101,0,0,0,1,0,1,1,1,0,1,1,1,1,1,0,1,0,0,0,0,0,0,0,0,0,0,1,1,1,1,0,1
805,902,89,1,0,0,1,0,0,1,1,1,1,1,0,1,0,0,0,0,0,0,0,1,0,0,0,0,0,1,0,1,1,0,0
806,442,94,0,0,0,1,0,0,1,1,1,1,1,1,1,0,0,0,1,0,0,0,0,1,0,1,0,0,1,1,1,1,0,1
807,213,98,0,0,1,1,0,1,1,1,1,0,1,1,0,0,0,0,0,0,0,0,0,0,0,1,1,0,1,1,1,1,1,0
808,646,87,0,0,1,0,0,0,0,1,0,0,0,1,1,1,0,0,0,0,0,0,0,0,1,1,1,0,1,1,1,1,1,1
809,790,74,1,0,0,1,0,0,0,0,0,0,0,0,1,0,1,0,0,1,0,0,0,1,1,0,0,0,0,1,1,1,0,0
810,726,73,1,0,1,0,0,1,1,1,1,0,1,1,1,0,1,0,0,0,0,0,0,1,1,0,0,0,1,1,1,1,0,0
811,422,42,1,1,1,1,0,1,0,1,1,0,1,0,1,0,0,0,1,0,0,0,0,1,0,0,1,0,0,1,1,0,0,1
812,687,24,0,0,1,1,1,0,0,0,1,1,0,1,1,1,0,0,0,1,0,0,0,1,1,0,1,1,1,1,1,1,0,1
813,808,34,0,0,0,1,0,0,1,0,1,0,0,0,1,1,1,0,0,1,0,0,0,1,1,0,1,0,1,1,1,1,0,0
814,866,63,0,0,0,0,1,0,1,1,1,0,0,1,1,0,1,0,1,0,0,0,0,1,1,0,0,0,1,1,1,1,1,1
815,202,72,1,0,1,1,0,0,1,0,0,0,0,1,1,0,0,0,0,0,0,0,0,1,1,0,0,0,1,1,1,1,1,0
816,172,58,0,0,0,1,1,1,0,1,1,1,0,0,1,0,1,0,1,1,0,0,0,1,1,0,0,0,1,1,1,1,0,0
817,744,6,0,0,1,1,0,0,0,0,0,1,0,0,1,0,0,0,1,1,0,0,0,1,0,0,1,1,0,1,1,1,0,1
818,175,62,0,0,1,1,0,1,0,1,1,1,1,1,1,0,0,0,1,0,0,0,0,1,0,1,1,0,1,1,0,1,0,1
819,736,60,0,1,0,1,0,1,1,0,0,1,0,1,1,0,1,0,1,0,0,0,0,0,0,1,1,0,1,1,1,1,0,1
820,34,65,1,0,1,1,0,0,1,1,0,0,0,1,1,0,1,0,0,0,0,0,0,0,0,0,1,0,1,1,1,1,1,1
821,521,91,0,1,0,1,0,0,0,1,1,1,1,0,1,0,1,0,0,0,0,0,0,1,1,0,0,0,0,1,1,1,0,0
822,624,24,1,1,0,1,0,1,0,1,0,1,0,1,1,1,0,0,0,1,0,0,0,1,1,0,1,1,1,1,1,1,0,1
823,358,10,0,0,1,0,1,1,0,1,1,1,1,0,1,0,1,0,0,0,0,0,0,0,1,0,0,0,0,1,1,1,0,0
824,596,12,0,0,0,0,1,0,1,1,1,1,1,1,1,0,0,0,1,0,0,0,0,1,1,1,1,0,1,1,1,1,1,0
825,241,15,1,0,0,1,1,0,0,0,1,0,1,1,1,1,1,0,0,0,0,0,0,0,1,0,0,0,1,1,1,1,0,1
826,807,99,0,1,1,0,1,1,0,0,0,0,1,1,0,1,0,0,0,0,0,0,0,0,0,1,0,0,0,1,1,1,1,1
827,173,32,1,0,0,1,0,1,1,1,0,1,0,0,1,0,0,0,1,1,0,0,0,0,0,0,0,1,1,0,0,1,0,1
828,379,13,0,0,1,0,0,0,1,0,0,1,1,1,1,0,1,1,0,0,0,0,0,1,1,0,0,0,1,1,1,1,0,0
829,79,61,0,0,0,1,1,1,0,0,0,0,1,0,1,0,1,0,1,0,0,0,0,0,0,0,1,0,0,1,1,1,0,0
830,588,102,0,0,1,1,1,0,1,0,0,0,1,0,1,1,1,0,0,0,0,0,0,1,1,0,0,0,0,1,1,1,0,1
831,289,7,0,0,1,0,1,1,0,1,1,1,1,1,1,0,0,0,0,0,0,0,0,0,0,1,1,0,0,1,1,1,1,0
832,391,12,1,0,0,1,0,1,0,1,0,1,0,1,1,0,0,0,1,0,0,0,0,1,1,1,1,0,1,1,1,1,1,1
833,772,8,0,1,1,0,0,0,1,1,0,0,0,1,1,0,0,0,1,0,0,0,0,1,1,1,1,0,1,1,1,1,0,1
834,525,50,1,1,0,0,0,0,1,0,0,0,0,0,1,0,1,0,1,0,0,0,0,1,1,0,0,0,0,1,1,1,0,1
835,109,70,0,0,0,1,0,0,1,1,1,1,0,1,1,0,1,0,1,0,0,0,0,1,1,0,0,0,1,1,1,1,0,0
836,855,73,1,0,1,0,0,1,1,1,1,1,0,1,1,0,1,0,0,0,0,0,0,1,1,0,0,0,1,1,1,1,0,1
837,799,97,1,0,1,0,0,0,0,0,1,0,1,0,1,0,0,0,1,0,0,0,0,1,0,0,1,0,0,1,0,1,0,0
838,105,71,1,1,0,1,1,0,1,0,0,1,1,0,1,0,1,1,0,0,0,0,0,1,0,0,0,0,0,1,1,1,0,1
839,67,57,0,0,0,0,0,0,1,1,1,0,1,1,1,0,1,0,1,0,0,0,0,1,1,1,1,0,1,1,1,1,1,0
840,557,39,0,1,1,1,0,0,1,0,0,1,0,1,1,0,0,0,1,0,0,0,0,1,1,0,0,0,1,1,1,1,1,0
841,704,102,0,0,0,1,0,0,1,0,0,1,1,0,1,1,1,0,0,0,0,0,0,1,1,0,0,0,0,1,1,1,0,0
842,103,61,0,0,1,1,0,1,0,1,0,1,1,0,1,0,1,0,1,0,0,0,0,0,0,0,1,0,0,1,1,1,0,0
843,58,51,0,0,1,0,1,0,0,1,0,1,0,1,1,0,0,1,0,0,0,0,0,0,0,0,1,0,1,1,1,1,0,0
844,516,96,1,1,0,1,0,1,0,1,1,1,1,1,1,0,1,0,1,0,0,0,0,1,1,1,0,0,0,1,1,1,0,1
845,658,24,1,0,1,1,1,1,0,0,0,0,1,1,1,1,0,0,0,1,0,0,0,1,1,0,1,1,1,1,1,1,0,0
846,847,28,0,0,1,1,0,1,0,1,0,0,1,1,1,1,0,1,0,0,0,0,0,1,1,0,0,0,1,1,1,1,0,1
847,92,29,1,1,0,0,0,1,0,0,0,0,0,0,1,0,1,0,1,0,0,0,0,1,1,0,0,0,1,1,1,1,0,0
848,517,16,1,1,0,1,0,0,0,0,1,1,0,1,1,0,1,0,1,0,0,0,0,1,1,0,0,0,1,1,1,1,1,0
849,646,37,0,0,1,0,0,0,0,1,0,0,0,1,1,0,1,0,1,0,0,0,0,1,1,0,1,0,1,1,1,1,1,0
850,960,69,1,1,0,0,1,1,0,0,0,1,1,1,1,0,1,0,1,0,0,0,0,1,0,0,1,1,1,1,1,1,1,1
851,638,64,1,1,0,0,1,1,0,0,1,0,1,0,1,0,1,0,1,0,0,0,0,0,0,0,0,0,0,1,1,1,0,1
852,232,49,1,1,0,1,0,1,0,0,1,1,1,1,1,0,1,0,1,0,0,0,0,1,0,0,1,0,1,1,1,1,0,1
853,748,5,0,0,0,1,1,0,1,0,1,0,1,1,1,0,1,0,0,1,0,0,0,1,1,0,0,0,1,1,1,0,0,1
854,302,88,1,1,1,0,1,0,0,0,0,0,0,1,1,0,0,1,0,0,0,0,0,0,0,0,0,0,0,0,1,1,0,1
855,777,58,1,1,0,1,0,1,0,0,0,1,0,0,1,0,1,0,1,1,0,0,0,1,1,0,0,0,1,1,1,1,0,1
856,87,1,0,1,1,1,0,1,0,1,1,1,0,1,1,1,0,0,0,1,0,0,0,1,1,0,0,0,1,1,1,1,0,1
857,971,52,1,0,1,0,1,0,0,0,1,0,1,1,0,0,1,0,0,0,0,0,0,1,0,0,1,0,1,0,1,1,0,0
858,913,69,1,1,1,1,0,1,0,1,1,1,0,1,1,0,1,0,1,0,0,0,0,1,0,0,1,1,1,1,1,1,1,0
859,956,12,0,0,1,0,0,0,0,0,1,1,1,1,1,0,0,0,1,0,0,0,0,1,1,1,1,0,1,1,1,1,1,0
860,43,46,1,1,1,1,1,1,0,0,1,0,0,0,1,0,1,0,1,0,0,0,0,1,1,0,0,0,1,1,0,1,0,0
861,561,96,0,0,0,1,0,1,0,1,1,0,0,1,1,0,1,0,1,0,0,0,0,1,1,1,0,0,0,1,1,1,0,0
862,278,54,1,0,1,1,0,1,0,1,1,1,0,0,1,1,0,0,1,0,0,1,0,1,1,0,0,0,0,1,1,1,1,1
863,386,46,1,0,1,1,1,1,1,1,1,1,0,0,1,0,1,0,1,0,0,0,0,1,1,0,0,0,1,1,0,1,0,1
864,23,72,0,1,0,0,0,0,0,0,0,1,0,1,1,0,0,0,0,0,0,0,0,1,1,0,0,0,1,1,1,1,1,0
865,745,78,1,1,0,0,1,0,1,0,1,0,0,0,1,0,0,0,0,0,0,0,0,1,0,0,1,1,0,1,1,1,0,1
866,522,22,0,1,1,0,1,1,0,1,1,1,0,1,1,0,1,0,1,0,0,0,0,1,1,0,1,0,1,1,1,1,0,0
867,553,86,0,0,1,1,0,1,1,1,1,1,1,0,1,0,1,0,1,0,0,0,0,1,1,0,0,0,1,1,1,0,0,0
868,340,19,0,0,0,1,1,1,0,0,1,1,1,1,1,0,0,1,1,0,0,0,0,1,1,0,0,0,1,1,1,1,0,1
869,431,1,0,1,0,1,1,0,0,1,1,0,1,1,1,1,0,0,0,1,0,0,0,1,1,0,0,0,1,1,1,1,0,1
870,414,54,1,0,1,1,1,0,0,1,0,1,1,0,1,1,0,0,1,0,0,1,0,1,1,0,0,0,0,1,1,1,1,0
871,137,39,0,0,0,1,1,1,1,1,1,1,0,1,1,0,0,0,1,0,0,0,0,1,1,0,0,0,1,1,1,1,1,0
872,47,49,1,0,0,1,1,0,0,0,0,1,0,1,1,0,1,0,1,0,0,0,0,1,0,0,1,0,1,1,1,1,0,1
873,531,102,0,1,1,0,1,1,1,1,0,0,0,0,1,1,1,0,0,0,0,0,0,1,1,0,0,0,0,1,1,1,0,0
874,504,37,0,0,0,1,0,1,0,1,1,0,0,1,1,0,1,0,1,0,0,0,0,1,1,0,1,0,1,1,1,1,1,1
875,973,72,1,1,0,1,1,1,1,0,0,0,1,1,1,0,0,0,0,0,0,0,0,1,1,0,0,0,1,1,1,1,1,0
876,728,63,0,0,0,1,0,0,1,1,1,0,0,1,1,0,1,0,1,0,0,0,0,1,1,0,0,0,1,1,1,1,1,0
877,641,11,1,0,1,1,0,0,1,0,1,1,0,1,1,1,0,0,0,0,0,1,0,1,1,0,0,0,1,1,1,1,0,0
878,718,71,1,1,1,1,1,1,0,1,1,1,0,0,1,0,1,1,0,0,0,0,0,1,0,0,0,0,0,1,1,1,0,0
879,554,23,0,0,0,1,1,1,1,1,1,1,0,1,1,0,0,0,1,0,0,0,0,1,1,0,1,0,1,1,1,1,1,0
880,594,27,0,0,1,1,1,1,0,0,1,1,1,1,1,0,1,0,1,0,1,0,0,1,1,1,1,0,1,1,1,1,1,0
881,462,52,0,1,1,1,1,1,0,1,0,1,0,1,0,0,1,0,0,0,0,0,0,1,0,0,1,0,1,0,1,1,0,1
882,276,53,0,1,0,1,0,0,0,1,1,1,1,1,1,0,1,0,1,0,0,0,0,1,1,0,0,0,1,1,1,1,0,0
883,152,69,0,0,0,0,1,0,1,1,1,1,1,1,1,0,1,0,1,0,0,0,0,1,0,0,1,1,1,1,1,1,1,1
884,635,48,1,0,0,0,1,0,1,1,1,0,1,0,1,1,0,0,0,1,0,0,1,1,1,0,0,0,0,1,1,1,0,1
885,13,94,0,0,1,1,1,1,0,1,0,0,1,1,1,0,0,0,1,0,0,0,0,1,0,1,0,0,1,1,1,1,0,1
886,688,31,0,0,0,1,1,0,0,0,1,0,0,1,1,0,0,0,1,0,0,0,0,1,1,0,1,1,1,1,1,1,1,1
887,349,48,0,0,0,1,1,0,0,0,1,1,0,0,1,1,0,0,0,1,0,0,1,1,1,0,0,0,0,1,1,1,0,1
888,265,100,0,0,0,1,0,0,0,0,0,1,1,1,0,0,0,1,0,0,0,0,0,0,0,0,0,0,1,1,1,1,0,1
889,846,38,1,0,1,0,1,1,0,0,0,1,1,1,1,0,0,0,1,0,0,0,0,0,0,1,0,0,1,1,1,1,0,0
890,834,24,1,1,1,1,1,1,0,0,1,0,0,1,1,1,0,0,0,1,0,0,0,1,1,0,1,1,1,1,1,1,0,0
891,982,13,1,1,1,1,0,0,0,0,0,1,0,1,1,0,1,1,0,0,0,0,0,1,1,0,0,0,1,1,1,1,0,1
892,759,83,0,0,0,0,0,1,1,0,0,0,1,1,1,0,1,0,0,0,0,0,0,0,0,0,1,0,1,1,1,1,0,1
893,408,1,1,1,0,1,1,1,0,0,1,1,1,1,1,1,0,0,0,1,0,0,0,1,1,0,0,0,1,1,1,1,0,1
894,469,57,0,1,1,0,0,1,0,1,0,0,0,1,1,0,1,0,1,0,0,0,0,1,1,1,1,0,1,1,1,1,1,1
895,535,69,1,0,1,1,0,1,0,1,1,1,1,1,1,0,1,0,1,0,0,0,0,1,0,0,1,1,1,1,1,1,1,1
896,237,96,1,0,1,1,0,1,1,0,0,0,1,1,1,0,1,0,1,0,0,0,0,1,1,1,0,0,0,1,1,1,0,1
897,495,85,0,0,0,0,1,1,1,0,0,0,1,0,1,1,0,0,0,0,0,0,0,1,0,0,0,0,1,0,0,1,0,0
898,373,93,0,1,1,1,0,1,1,0,0,0,1,1,0,0,0,1,0,0,0,0,0,0,0,0,0,0,0,1,1,1,0,1
899,669,34,1,1,1,1,0,1,0,1,0,0,0,0,1,1,1,0,0,1,0,0,0,1,1,0,1,0,1,1,1,1,0,0
900,909,94,1,0,0,1,0,1,0,0,0,0,1,1,1,0,0,0,1,0,0,0,0,1,0,1,0,0,1,1,1,1,0,0
901,758,74,1,1,1,1,0,0,0,0,0,1,1,0,1,0,1,0,0,1,0,0,0,1,1,0,0,0,0,1,1,1,0,1
902,285,56,0,0,1,1,1,0,1,1,1,0,0,0,1,0,0,1,0,0,0,0,0,0,0,0,0,0,0,1,1,1,0,0
903,205,72,0,1,0,0,1,1,0,1,0,1,1,1,1,0,0,0,0,0,0,0,0,1,1,0,0,0,1,1,1,1,1,0
904,711,79,0,0,1,0,1,1,0,0,0,0,0,1,1,0,1,1,0,0,0,0,0,1,0,0,0,0,1,1,1,1,0,1
905,908,41,0,0,1,1,1,0,0,0,1,0,1,0,1,1,0,0,0,1,0,0,0,1,0,0,1,0,0,1,1,1,0,1
906,932,61,0,0,1,1,0,1,1,1,1,0,1,0,1,0,1,0,1,0,0,0,0,0,0,0,1,0,0,1,1,1,0,1
907,874,10,0,0,0,1,1,1,0,0,0,0,0,0,1,0,1,0,0,0,0,0,0,0,1,0,0,0,0,1,1,1,0,0
908,669,32,1,1,1,1,0,1,0,1,0,0,0,0,1,0,0,0,1,1,0,0,0,0,0,0,0,1,1,0,0,1,0,1
909,483,44,0,1,0,0,0,0,1,1,1,0,1,0,1,0,1,0,1,0,0,0,0,1,1,0,0,0,1,1,1,1,0,0
910,459,31,0,1,1,0,0,1,0,1,0,1,1,1,1,0,0,0,1,0,0,0,0,1,1,0,1,1,1,1,1,1,1,0
911,74,34,1,1,0,0,1,0,1,0,0,1,1,0,1,1,1,0,0,1,0,0,0,1,1,0,1,0,1,1,1,1,0,1
912,388,70,0,0,1,1,0,0,1,1,0,0,1,1,1,0,1,0,1,0,0,0,0,1,1,0,0,0,1,1,1,1,0,0
913,65,54,1,0,0,1,0,0,1,0,1,0,1,0,1,1,0,0,1,0,0,1,0,1,1,0,0,0,0,1,1,1,1,0
914,945,43,1,1,0,1,0,1,0,0,1,0,1,1,1,0,1,0,1,0,0,0,0,0,0,1,0,0,1,1,1,1,1,0
915,907,73,1,0,0,1,0,1,1,0,0,1,1,1,1,0,1,0,0,0,0,0,0,1,1,0,0,0,1,1,1,1,0,0
916,665,32,0,0,0,1,0,0,1,1,1,1,1,0,1,0,0,0,1,1,0,0,0,0,0,0,0,1,1,0,0,1,0,1
917,225,53,1,0,1,1,1,1,0,0,0,1,0,1,1,0,1,0,1,0,0,0,0,1,1,0,0,0,1,1,1,1,0,0
918,111,29,0,1,1,0,1,1,1,1,0,0,1,0,1,0,1,0,1,0,0,0,0,1,1,0,0,0,1,1,1,1,0,0
919,769,1,1,1,0,0,1,1,0,1,0,0,1,1,1,1,0,0,0,1,0,0,0,1,1,0,0,0,1,1,1,1,0,0
920,993,82,0,0,0,1,0,0,1,0,1,0,1,0,1,0,1,0,1,0,0,0,0,1,1,0,0,0,1,1,1,1,0,1
921,87,28,0,1,1,1,0,1,0,1,1,1,0,1,1,1,0,1,0,0,0,0,0,1,1,0,0,0,1,1,1,1,0,1
922,82,41,0,1,1,0,0,1,0,1,0,1,1,0,1,1,0,0,0,1,0,0,0,1,0,0,1,0,0,1,1,1,0,0
923,728,95,0,0,0,1,0,0,1,1,1,0,0,1,1,0,0,0,0,0,0,0,0,1,0,0,0,0,1,1,1,1,0,1
924,341,84,1,0,1,0,1,0,0,0,1,1,0,1,0,0,0,0,0,0,0,0,1,1,0,1,1,0,0,1,1,1,0,1
925,738,22,0,1,1,1,0,1,0,0,0,0,0,1,1,0,1,0,1,0,0,0,0,1,1,0,1,0,1,1,1,1,0,1
926,617,44,0,1,0,1,1,0,1,0,1,0,1,0,1,0,1,0,1,0,0,0,0,1,1,0,0,0,1,1,1,1,0,1
927,897,13,0,0,1,1,0,0,1,1,1,1,0,1,1,0,1,1,0,0,0,0,0,1,1,0,0,0,1,1,1,1,0,1
928,481,97,0,1,1,1,0,1,1,1,0,0,1,0,1,0,0,0,1,0,0,0,0,1,0,0,1,0,0,1,0,1,0,1
929,211,15,0,1,0,0,1,1,0,0,0,0,0,1,1,1,1,0,0,0,0,0,0,0,1,0,0,0,1,1,1,1,0,0
930,193,50,0,0,1,1,1,1,0,1,1,1,1,0,1,0,1,0,1,0,0,0,0,1,1,0,0,0,0,1,1,1,0,0
931,468,56,0,0,1,0,1,0,0,1,1,1,1,0,1,0,0,1,0,0,0,0,0,0,0,0,0,0,0,1,1,1,0,0
932,128,91,1,1,0,0,1,0,0,1,0,1,1,0,1,0,1,0,0,0,0,0,0,1,1,0,0,0,0,1,1,1,0,0
933,754,101,1,1,1,1,1,1,0,0,1,1,1,1,1,1,0,1,0,0,0,0,0,0,0,0,0,0,1,1,1,1,0,1
934,141,64,1,1,1,0,0,1,0,0,1,1,1,0,1,0,1,0,1,0,0,0,0,0,0,0,0,0,0,1,1,1,0,0
935,725,102,0,1,1,0,1,1,1,1,0,1,1,0,1,1,1,0,0,0,0,0,0,1,1,0,0,0,0,1,1,1,0,1
936,687,12,0,0,1,1,1,0,0,0,1,1,0,1,1,0,0,0,1,0,0,0,0,1,1,1,1,0,1,1,1,1,1,1
937,774,6,0,1,0,0,0,0,0,0,1,0,0,0,1,0,0,0,1,1,0,0,0,1,0,0,1,1,0,1,1,1,0,1
938,131,31,1,1,1,0,0,1,0,1,0,0,0,1,1,0,0,0,1,0,0,0,0,1,1,0,1,1,1,1,1,1,1,0
939,388,78,0,0,1,1,0,0,1,1,0,0,1,0,1,0,0,0,0,0,0,0,0,1,0,0,1,1,0,1,1,1,0,1
940,494,31,0,0,0,0,0,1,0,0,0,1,1,1,1,0,0,0,1,0,0,0,0,1,1,0,1,1,1,1,1,1,1,1
941,114,24,0,1,1,0,1,1,1,1,0,1,1,1,1,1,0,0,0,1,0,0,0,1,1,0,1,1,1,1,1,1,0,1
942,376,26,0,1,0,0,1,0,0,0,0,1,0,1,1,1,0,0,0,0,0,0,0,1,1,0,1,0,1,1,1,1,1,0
943,84,39,1,1,1,0,0,1,0,1,1,1,1,1,1,0,0,0,1,0,0,0,0,1,1,0,0,0,1,1,1,1,1,0
944,883,43,0,1,1,0,1,1,1,0,1,0,1,1,1,0,1,0,1,0,0,0,0,0,0,1,0,0,1,1,1,1,1,0
945,714,25,0,0,1,1,0,1,0,1,1,0,1,1,1,0,1,1,0,0,0,0,0,1,1,0,1,1,1,1,1,1,1,1
946,144,91,0,1,0,1,1,1,0,1,0,0,1,0,1,0,1,0,0,0,0,0,0,1,1,0,0,0,0,1,1,1,0,1
947,367,45,0,0,1,1,0,1,0,0,1,0,0,0,1,0,0,0,0,0,1,0,0,0,0,0,1,0,0,1,1,1,0,0
948,560,40,1,0,1,0,1,0,0,0,1,1,1,0,1,0,1,0,1,0,0,0,0,1,1,0,0,0,0,1,1,0,1,1
949,432,52,1,0,0,0,1,1,1,1,1,1,1,1,0,0,1,0,0,0,0,0,0,1,0,0,1,0,1,0,1,1,0,0
950,198,6,1,0,0,1,1,1,1,1,1,0,0,0,1,0,0,0,1,1,0,0,0,1,0,0,1,1,0,1,1,1,0,1
951,118,16,1,1,1,1,0,0,0,1,1,1,0,1,1,0,1,0,1,0,0,0,0,1,1,0,0,0,1,1,1,1,1,1
952,383,50,1,1,0,1,0,1,0,1,0,0,0,0,1,0,1,0,1,0,0,0,0,1,1,0,0,0,0,1,1,1,0,0
953,109,34,0,0,0,1,0,0,1,1,1,1,0,0,1,1,1,0,0,1,0,0,0,1,1,0,1,0,1,1,1,1,0,1
954,990,23,1,1,1,1,0,1,0,0,0,0,0,1,1,0,0,0,1,0,0,0,0,1,1,0,1,0,1,1,1,1,1,0
955,652,98,1,0,1,1,0,1,1,0,1,0,0,1,0,0,0,0,0,0,0,0,0,0,0,1,1,0,1,1,1,1,1,0
956,431,71,0,1,0,1,1,0,0,1,1,0,1,0,1,0,1,1,0,0,0,0,0,1,0,0,0,0,0,1,1,1,0,0
957,771,33,0,0,1,0,0,0,0,1,1,1,1,1,0,0,1,1,0,1,0,0,0,1,1,1,1,0,1,0,1,1,0,1
958,776,68,1,0,1,0,0,0,1,0,0,0,0,0,1,0,0,1,0,0,0,0,0,0,0,0,1,0,0,1,1,1,0,0
959,66,69,1,1,0,1,1,1,1,0,0,0,0,1,1,0,1,0,1,0,0,0,0,1,0,0,1,1,1,1,1,1,1,1
960,308,26,0,1,1,0,1,0,1,0,0,0,0,1,1,1,0,0,0,0,0,0,0,1,1,0,1,0,1,1,1,1,1,1
961,157,12,0,1,0,1,0,0,0,1,1,1,1,1,1,0,0,0,1,0,0,0,0,1,1,1,1,0,1,1,1,1,1,0
962,386,63,1,0,1,1,1,1,1,1,1,1,0,1,1,0,1,0,1,0,0,0,0,1,1,0,0,0,1,1,1,1,1,0
963,626,26,0,0,1,1,0,0,1,0,1,1,0,1,1,1,0,0,0,0,0,0,0,1,1,0,1,0,1,1,1,1,1,0
964,751,19,1,1,1,1,0,1,1,0,0,1,1,1,1,0,0,1,1,0,0,0,0,1,1,0,0,0,1,1,1,1,0,1
965,100,52,1,0,0,1,0,0,0,0,1,0,1,1,0,0,1,0,0,0,0,0,0,1,0,0,1,0,1,0,1,1,0,0
966,367,30,0,0,1,1,0,1,0,0,1,0,0,1,1,0,0,1,0,1,0,0,0,1,1,0,1,0,1,1,1,1,1,1
967,537,91,1,1,1,1,1,1,0,1,0,0,1,0,1,0,1,0,0,0,0,0,0,1,1,0,0,0,0,1,1,1,0,1
968,476,92,0,0,1,1,1,1,1,0,0,0,0,1,0,0,0,1,0,0,0,0,0,0,0,0,0,0,1,1,1,1,0,0
969,26,68,0,0,0,0,1,1,0,1,1,1,0,0,1,0,0,1,0,0,0,0,0,0,0,0,1,0,0,1,1,1,0,1
970,916,3,1,1,0,0,1,0,0,1,0,0,1,1,1,0,1,0,0,0,0,0,1,1,1,0,1,0,1,0,1,1,1,0
971,503,18,0,0,0,0,1,0,1,0,1,0,1,0,1,0,0,0,1,0,0,0,0,1,1,0,1,0,0,1,1,1,0,1
972,918,14,0,0,1,1,0,1,0,0,0,1,0,1,0,0,0,0,1,0,0,0,0,0,0,1,1,0,1,0,1,1,1,1
973,312,58,0,1,1,0,0,1,0,0,0,0,1,0,1,0,1,0,1,1,0,0,0,1,1,0,0,0,1,1,1,1,0,0
974,176,64,1,0,0,0,0,0,1,1,0,1,1,0,1,0,1,0,1,0,0,0,0,0,0,0,0,0,0,1,1,1,0,1
975,304,95,0,1,1,0,1,1,0,1,0,1,1,1,1,0,0,0,0,0,0,0,0,1,0,0,0,0,1,1,1,1,0,0
976,22,34,0,1,0,1,0,0,1,1,1,0,1,0,1,1,1,0,0,1,0,0,0,1,1,0,1,0,1,1,1,1,0,1
977,291,69,1,1,1,1,0,0,1,0,1,0,1,1,1,0,1,0,1,0,0,0,0,1,0,0,1,1,1,1,1,1,1,1
978,636,102,1,1,1,0,0,0,1,0,0,1,0,0,1,1,1,0,0,0,0,0,0,1,1,0,0,0,0,1,1,1,0,1
979,444,42,1,0,0,1,1,0,0,1,0,1,1,0,1,0,0,0,1,0,0,0,0,1,0,0,1,0,0,1,1,0,0,1
980,979,4,0,1,0,1,0,0,1,1,1,0,1,1,1,0,0,1,0,0,0,0,0,1,1,0,0,0,1,1,1,1,0,0
981,76,42,0,1,0,1,0,1,1,1,1,0,1,0,1,0,0,0,1,0,0,0,0,1,0,0,1,0,0,1,1,0,0,0
982,904,98,1,0,1,0,0,0,1,0,0,0,0,1,0,0,0,0,0,0,0,0,0,0,0,1,1,0,1,1,1,1,1,1
983,83,24,0,1,0,1,1,1,1,0,0,1,0,1,1,1,0,0,0,1,0,0,0,1,1,0,1,1,1,1,1,1,0,0
984,268,25,1,0,1,0,1,1,0,1,0,0,0,1,1,0,1,1,0,0,0,0,0,1,1,0,1,1,1,1,1,1,1,0
985,575,45,1,1,0,1,1,0,0,0,0,0,1,0,1,0,0,0,0,0,1,0,0,0,0,0,1,0,0,1,1,1,0,0
986,396,80,0,1,1,0,0,0,0,1,1,0,1,0,1,0,0,0,0,0,0,0,0,1,0,0,1,0,1,1,1,1,0,0
987,999,46,1,1,0,0,0,0,1,1,0,0,0,0,1,0,1,0,1,0,0,0,0,1,1,0,0,0,1,1,0,1,0,1
988,208,93,1,0,1,0,0,0,1,1,0,0,0,1,0,0,0,1,0,0,0,0,0,0,0,0,0,0,0,1,1,1,0,1
989,405,60,1,1,1,1,0,1,1,0,0,0,0,1,1,0,1,0,1,0,0,0,0,0,0,1,1,0,1,1,1,1,0,0
990,264,83,1,0,0,0,1,1,1,1,0,1,0,1,1,0,1,0,0,0,0,0,0,0,0,0,1,0,1,1,1,1,0,0
991,853,13,1,1,0,1,0,1,0,1,0,1,0,1,1,0,1,1,0,0,0,0,0,1,1,0,0,0,1,1,1,1,0,0
992,786,4,0,1,1,0,1,1,0,0,1,0,0,1,1,0,0,1,0,0,0,0,0,1,1,0,0,0,1,1,1,1,0,1
993,933,78,1,0,0,1,1,0,1,1,1,1,1,0,1,0,0,0,0,0,0,0,0,1,0,0,1,1,0,1,1,1,0,0
994,220,74,1,0,0,0,1,1,1,1,0,0,0,0,1,0,1,0,0,1,0,0,0,1,1,0,0,0,0,1,1,1,0,0
995,835,46,0,0,0,1,0,1,0,1,1,1,0,0,1,0,1,0,1,0,0,0,0,1,1,0,0,0,1,1,0,1,0,1
996,74,3,1,1,0,0,1,0,1,0,0,1,1,1,1,0,1,0,0,0,0,0,1,1,1,0,1,0,1,0,1,1,1,1
997,425,80,0,1,1,0,1,0,1,0,0,0,0,0,1,0,0,0,0,0,0,0,0,1,0,0,1,0,1,1,1,1,0,0
998,109,89,0,0,0,1,0,0,1,1,1,1,0,0,1,0,0,0,0,0,0,0,1,0,0,0,0,0,1,0,1,1,0,0
999,538,39,1,0,0,0,1,0,0,1,1,1,1,1,1,0,0,0,1,0,0,0,0,1,1,0,0,0,1,1,1,1,1,0
1000,44,78,0,0,0,0,0,1,1,1,1,1,0,0,1,0,0,0,0,0,0,0,0,1,0,0,1,1,0,1,1,1,0,0